-- MySQL dump 10.13  Distrib 8.0.23, for Win64 (x86_64)
--
-- Host: localhost    Database: vk
-- ------------------------------------------------------
-- Server version	8.0.23

/*!40101 SET @OLD_CHARACTER_SET_CLIENT=@@CHARACTER_SET_CLIENT */;
/*!40101 SET @OLD_CHARACTER_SET_RESULTS=@@CHARACTER_SET_RESULTS */;
/*!40101 SET @OLD_COLLATION_CONNECTION=@@COLLATION_CONNECTION */;
/*!50503 SET NAMES utf8mb4 */;
/*!40103 SET @OLD_TIME_ZONE=@@TIME_ZONE */;
/*!40103 SET TIME_ZONE='+00:00' */;
/*!40014 SET @OLD_UNIQUE_CHECKS=@@UNIQUE_CHECKS, UNIQUE_CHECKS=0 */;
/*!40014 SET @OLD_FOREIGN_KEY_CHECKS=@@FOREIGN_KEY_CHECKS, FOREIGN_KEY_CHECKS=0 */;
/*!40101 SET @OLD_SQL_MODE=@@SQL_MODE, SQL_MODE='NO_AUTO_VALUE_ON_ZERO' */;
/*!40111 SET @OLD_SQL_NOTES=@@SQL_NOTES, SQL_NOTES=0 */;

--
-- Table structure for table `communities`
--
USE vk;

DROP TABLE IF EXISTS `communities`;
/*!40101 SET @saved_cs_client     = @@character_set_client */;
/*!50503 SET character_set_client = utf8mb4 */;
CREATE TABLE `communities` (
  `id` bigint unsigned NOT NULL AUTO_INCREMENT,
  `name` varchar(145) CHARACTER SET utf8mb4 COLLATE utf8mb4_unicode_ci NOT NULL,
  `description` varchar(245) CHARACTER SET utf8mb4 COLLATE utf8mb4_unicode_ci DEFAULT NULL,
  `admin_id` bigint unsigned NOT NULL,
  PRIMARY KEY (`id`),
  KEY `fk_communities_users_admin_idx` (`admin_id`),
  CONSTRAINT `fk_communities_users` FOREIGN KEY (`admin_id`) REFERENCES `users` (`id`)
) ENGINE=InnoDB AUTO_INCREMENT=101 DEFAULT CHARSET=utf8mb4 COLLATE=utf8mb4_unicode_ci;
/*!40101 SET character_set_client = @saved_cs_client */;

--
-- Dumping data for table `communities`
--

LOCK TABLES `communities` WRITE;
/*!40000 ALTER TABLE `communities` DISABLE KEYS */;
INSERT INTO `communities` VALUES (1,'harum','Quaerat deleniti alias enim quia praesentium praesentium. Est rerum ratione aut eveniet alias. Optio dolorem consequatur ea a aliquid architecto dicta. Magnam laboriosam dolorum perferendis esse sint odit odio.',1),(2,'nam','Soluta voluptatum vero sunt modi. Et dicta quia corrupti culpa distinctio fugiat temporibus. Et hic consequatur sunt tempora. Nemo consequuntur veritatis qui optio nihil voluptas.',2),(3,'aspernatur','Quae illum nemo quos qui quam. Ipsam quod dolores doloribus quia nihil voluptatem. Ipsa soluta voluptates et exercitationem possimus aut. Rerum dolorum exercitationem libero molestias sed.',3),(4,'consequuntur','Quo quod rerum modi quia. Esse quia sed nesciunt et possimus.',4),(5,'excepturi','Ut velit praesentium pariatur non quidem. Omnis pariatur similique dolores eius officiis illum. Quam praesentium ut ipsa vel quo voluptas fuga eveniet.',5),(6,'quisquam','Quia hic ab blanditiis voluptatem ipsam quasi voluptates. Quo libero assumenda nostrum. Ipsum voluptatem dolorem dolorum tempora et nostrum.',6),(7,'suscipit','Pariatur explicabo eius expedita minus impedit excepturi. Ipsum voluptatibus deleniti sunt soluta quis sit est. Esse debitis est odit quidem.',7),(8,'vel','Temporibus minus provident incidunt. Rerum deserunt doloribus dolorum dicta velit. Accusamus a vel culpa cumque ea. Recusandae nesciunt nobis quia sit. Nisi dolores similique mollitia iure magni exercitationem.',8),(9,'illum','Voluptates expedita et quis. Earum quo culpa est repellat. Consequatur et velit ipsam alias dicta.',9),(10,'voluptates','Et ea omnis ut tenetur veniam suscipit iste. Excepturi laudantium aut vero voluptate. Eum ut ducimus id. Aut voluptas consequatur et ducimus voluptatem.',10),(11,'fugit','Accusantium autem accusamus sed ut amet nihil quisquam. Placeat iusto quibusdam eligendi laborum itaque. A non ipsum voluptatum. Et est amet ea saepe qui non.',11),(12,'dolor','Porro non molestiae accusantium eum eveniet. Sed vel porro eligendi sequi qui minima et.',12),(13,'aut','Molestias accusantium cupiditate voluptatem accusantium. Quas temporibus totam a exercitationem et itaque. Unde et veritatis dolorum voluptatem dolorem explicabo excepturi.',13),(14,'corrupti','Iure recusandae quia est maiores eum. Adipisci libero ut vero assumenda ex quaerat quaerat exercitationem. Autem vel qui aut quia reprehenderit blanditiis non. Maxime illo quo et fugit.',14),(15,'quaerat','Est minima quasi modi quia et quis totam. Dicta rerum nam illum aliquam nisi. Quia ut et autem laboriosam neque consectetur. Et et rem quia nemo et at.',15),(16,'in','Harum itaque labore eveniet tenetur dolorem illo et. Voluptas reiciendis est consequuntur totam et voluptatem vel. Iste aut similique et minus maiores voluptates. Quo nemo soluta illo commodi atque omnis et.',16),(17,'voluptates','Quam labore cum quia tenetur. Quisquam aliquam molestiae quod voluptatem soluta id. Natus velit libero laboriosam ab ut optio ut dignissimos. Unde quas quia amet omnis sint esse et doloremque.',17),(18,'eum','Iusto consequatur rem iure asperiores et. A saepe dicta corporis odio a. Dolor rerum ad nesciunt et dicta.',18),(19,'magni','Nostrum quo sit sit aut quaerat qui. Itaque quod distinctio adipisci sit. Vero cum atque ea natus sunt porro praesentium.',19),(20,'sed','Aut quasi totam dolores nobis aut eaque. Consequatur id nulla quisquam voluptatem voluptas.',20),(21,'temporibus','Repellendus in et aliquam voluptatem a ea. Assumenda accusantium repellat optio quam.',21),(22,'est','Quia numquam molestiae et ea eos suscipit consequatur. Suscipit autem excepturi sed quod sint perferendis sint. Distinctio quasi rerum libero quis amet.',22),(23,'nisi','Quisquam saepe voluptatem non molestiae alias. Vel dolor error hic ullam explicabo debitis voluptatem. Dolor placeat inventore doloribus tempore.',23),(24,'aliquid','Excepturi nobis dolorem dolor sunt. Molestias cumque impedit et quo placeat. Voluptas autem velit facere sit dolorem praesentium. Debitis et voluptatum rerum quo officiis.',24),(25,'nostrum','Dolorem non deserunt consequatur modi. Et aperiam exercitationem minus itaque. Incidunt aut voluptas aut eum blanditiis sint itaque expedita. Aut est molestiae ullam sunt perferendis.',25),(26,'laudantium','Quo cumque voluptas est dolorem enim. Reiciendis nihil ut est eos officia dolorem distinctio delectus. Labore rerum rerum ut voluptatem occaecati et non.',26),(27,'recusandae','Architecto reiciendis qui voluptates nemo debitis. Nobis in laboriosam doloremque cum aut ullam. Qui consequuntur sequi deserunt aut. Qui voluptatem accusantium enim asperiores beatae itaque.',27),(28,'magni','Cum praesentium dolorem possimus corrupti eos cumque. Facere veniam sit aut eligendi modi.',28),(29,'commodi','Sunt sit ab voluptatibus sint. Fuga unde aut harum optio voluptas. Perspiciatis quod eligendi ipsam ut eveniet reiciendis. Ab nisi fugit aut velit. Hic itaque minus est sunt odit magni mollitia illo.',29),(30,'aliquam','Fuga aut alias corporis est qui quis. Aspernatur non quas temporibus quis aut pariatur. Quo eaque nihil alias et consequatur placeat.',30),(31,'qui','Accusantium ipsa numquam aperiam. Aut sunt soluta itaque et. Saepe minima veritatis cum. Sequi provident laboriosam laboriosam sapiente beatae fugiat voluptatem expedita. Dignissimos dolores sapiente rerum magnam architecto voluptas iste.',31),(32,'est','Commodi illo est iste atque fugiat molestiae voluptate. Eaque veniam sunt expedita quia veritatis praesentium expedita.',32),(33,'eligendi','Distinctio dolorem iure eligendi placeat corporis. Beatae et saepe ad ad. Dolores sunt ut blanditiis velit id. Quis magnam fugiat quis voluptas.',33),(34,'ut','Ut sed tempore cumque qui nihil sunt aut quia. Saepe quisquam dolore aut. Qui quia exercitationem eos blanditiis voluptatem. Voluptatem molestias culpa facilis totam. Possimus et recusandae et quia fugiat.',34),(35,'doloribus','Amet ut dolor doloribus iste adipisci quasi soluta eveniet. Voluptas nobis impedit incidunt et nostrum dolores quia. Et veritatis et quam optio recusandae illo. Impedit ea nostrum quam vel assumenda quasi.',35),(36,'quia','Velit et dolores occaecati. Voluptatem libero et a fugit. Natus illo veniam corrupti earum vel excepturi voluptas. Ipsum et voluptatem aliquid.',36),(37,'quam','Quae et eius molestias omnis. Et pariatur quas eaque aut esse est. Quos dolorem facilis consequatur consequatur.',37),(38,'voluptatem','Assumenda corporis consequatur dolor praesentium. Consectetur excepturi velit non eaque. Quidem ipsam itaque voluptatibus architecto autem incidunt cumque enim. Maxime qui cum et aut harum totam.',38),(39,'et','Alias et voluptatum laboriosam animi consequatur. Placeat quae dolor veniam similique. Quo quae non asperiores enim. Qui quia fuga et sed voluptates cum. Odit inventore soluta sed atque temporibus voluptas ut.',39),(40,'suscipit','Quidem officia et consequatur iusto. Omnis harum iste sed eaque. Velit numquam eaque eum occaecati.',40),(41,'qui','Ut cum rerum neque reprehenderit qui sequi vitae. Labore magnam totam sed id et error illo assumenda. Est aspernatur tempora dolorem aut.',41),(42,'exercitationem','Voluptatem voluptatem consequatur quia odit et. Voluptatem accusamus minima aut voluptatem temporibus perspiciatis. Est libero tenetur deleniti qui vel.',42),(43,'provident','Ab tempora alias ad veritatis. Iure quos odio voluptatem repellendus et laudantium. Tenetur explicabo alias repellat perferendis eum eveniet. Magni exercitationem deleniti maiores est et porro dolore.',43),(44,'architecto','Impedit et delectus aut magnam. Vel est pariatur et ratione ut impedit unde. Velit et assumenda ut ullam.',44),(45,'aliquid','Perferendis iusto quidem beatae consequuntur debitis blanditiis et. Explicabo et dolor omnis. Et sunt pariatur iste quia ab libero praesentium.',45),(46,'deserunt','Reiciendis aliquam rem quia tempore. Sunt expedita quisquam libero dolores. A nemo rerum similique et.',46),(47,'deserunt','Voluptas eveniet aut quia voluptas autem suscipit sit autem. Occaecati ipsa sit assumenda sit id. Autem modi et quo quo in sunt deleniti velit. Consectetur odit nihil quasi modi eum vel. Voluptatum nihil enim error consequatur.',47),(48,'provident','Aspernatur quis cupiditate voluptatem ea sint itaque et rerum. Quasi nostrum voluptas voluptas aut aliquam minus fugit. Debitis quia facere eius voluptas iusto nisi.',48),(49,'molestiae','Eveniet consectetur voluptatem voluptatem assumenda autem porro. Eum dolorem nisi possimus iure sed et. Deleniti aut quas vero rerum est.',49),(50,'voluptas','Consectetur aut soluta iure sit. Voluptatem reprehenderit eveniet unde reiciendis et. Aliquam sapiente aut et quo dolorem doloribus aut at. Quibusdam facere molestiae architecto fugiat.',50),(51,'sit','Id aut quia amet quia. Corrupti delectus doloremque autem eius blanditiis quod ut est. Tempora quia sed maiores doloremque soluta animi pariatur. Esse numquam et commodi impedit inventore nihil alias ab. Aut consequatur rerum hic et rerum.',51),(52,'officiis','Qui quia quam optio nemo magni. Dolorem praesentium ipsa est. Ratione excepturi molestiae culpa nihil corrupti quis et eum.',52),(53,'perferendis','Officiis pariatur quia perferendis perspiciatis aliquam praesentium sed. Est pariatur inventore temporibus fugiat vitae. Ducimus et id illo nihil. Aut deleniti rem dolorum quis temporibus provident id recusandae.',53),(54,'vel','Veritatis similique et earum voluptates. Et vel beatae rem molestiae laudantium et dolore voluptas. Architecto facere nihil magni sit ut minus non explicabo. Nemo tenetur necessitatibus omnis.',54),(55,'voluptas','Consequatur fuga est minus voluptates. Sit sit eligendi quia perferendis accusamus omnis velit. Esse aut magnam aut dignissimos. Reprehenderit esse blanditiis eaque quas rerum hic quo.',55),(56,'omnis','Dignissimos odio nulla in non. Voluptatem ut eligendi dignissimos qui reiciendis quisquam quos. Voluptatem facilis natus assumenda rerum laboriosam.',56),(57,'optio','Fuga assumenda rerum nam totam qui culpa. Qui voluptas expedita id consequatur voluptate esse. Quas repellendus nobis aperiam.',57),(58,'ut','Eius non iusto quas commodi. Aut omnis minus quis deleniti. Ut eos porro temporibus fugiat.',58),(59,'quo','Eius pariatur est reprehenderit. Expedita maxime perferendis id qui in aut. Iure omnis earum optio quo aspernatur molestiae. Libero quaerat quia rerum quia voluptas.',59),(60,'ab','Ea aut id explicabo unde exercitationem aut. Fugit porro necessitatibus magnam et hic quisquam unde nobis. Dolorem et unde atque itaque maxime.',60),(61,'ducimus','Inventore laudantium nesciunt nam aspernatur et consequatur. Est quo ut assumenda ad dolores dolores minima. Ipsa quidem nihil natus adipisci aut odit. Quis vitae suscipit vero error dolores quia.',61),(62,'ratione','Iste laboriosam dolores placeat deserunt architecto. Est hic illum id sed dignissimos. Nam dolorem quia est exercitationem pariatur. Voluptatem expedita beatae qui nihil corporis tempore in.',62),(63,'id','Ea autem quis voluptatem iure. Perferendis vitae deleniti aut laboriosam cumque non voluptates incidunt. Asperiores eos optio alias sapiente animi. Quae magni provident autem.',63),(64,'alias','Atque eaque non repudiandae. Aut aliquam quia sit. Dolorem dolorem laborum expedita eum laboriosam et consequatur quibusdam.',64),(65,'natus','Est ut nisi qui ut laudantium ullam est. Rerum natus cupiditate et alias quidem. Laudantium occaecati qui reiciendis minima incidunt nulla.',65),(66,'excepturi','Non culpa eos et debitis. Aliquam nam adipisci corporis. Optio eos fugiat voluptatem repellendus praesentium veritatis dolorum vel. Voluptatem dolores voluptatibus occaecati pariatur.',66),(67,'eum','Voluptate dolor similique culpa earum et commodi. Reprehenderit nobis quod sit sunt ab est quam. Ad dicta rem ipsum voluptas voluptate quia aut.',67),(68,'atque','Sed iure consequatur esse aliquid accusantium. Et eveniet ipsum sequi explicabo iure ut ut. Odit totam nemo qui aut non nihil. Odit quia aut quis inventore vel.',68),(69,'alias','Quia magni cum et ut hic eum aut. Modi vel enim sit nisi vel perferendis. Quis error eos a id. Impedit ducimus quos vel nemo.',69),(70,'in','Enim eos pariatur blanditiis sit vel doloremque et aut. Ex delectus eos et illum. Ratione qui recusandae quia explicabo voluptates inventore.',70),(71,'harum','Et ut autem velit. Et reprehenderit enim omnis repellat autem ut et. Est dolore aliquam perferendis repudiandae.',71),(72,'ut','Eos consequatur a consequuntur dicta. Cupiditate delectus soluta unde tempora numquam dolor sint. Suscipit dicta dolor eos accusamus vel. Dignissimos cumque molestiae dolor tempore eos quaerat totam.',72),(73,'fugit','Ex veritatis error error laudantium. Illum nihil reiciendis mollitia vitae voluptas dignissimos illo. Quidem neque esse eos ullam ea impedit.',73),(74,'natus','Nisi impedit distinctio saepe doloremque aspernatur error at. Qui hic voluptas sequi. Illo ipsam nobis molestiae nam. Assumenda sint laudantium facilis quas.',74),(75,'explicabo','A accusamus non pariatur. Tenetur est deserunt minus aut. Nam corporis explicabo dolorem repudiandae eius qui incidunt.',75),(76,'aliquam','Laborum dolore ut sunt minus nesciunt distinctio et voluptas. Enim quibusdam et occaecati necessitatibus molestiae. Dignissimos et voluptatem illum ipsum doloremque necessitatibus nisi animi. Vel dolores eum possimus facere ut sapiente.',76),(77,'nostrum','Aut ipsam aut possimus fugit alias. Nesciunt magni et dolores. Dolores hic inventore quod quia. Placeat qui adipisci in magnam sed aspernatur occaecati soluta.',77),(78,'et','In asperiores est inventore. Exercitationem porro perferendis laboriosam nihil omnis rerum exercitationem. Sequi non delectus libero labore tenetur eos iure.',78),(79,'quae','Dolorum non sint sapiente inventore cumque. Laudantium est fuga aut et distinctio nostrum. Dignissimos consequatur expedita consequuntur officiis est cum amet.',79),(80,'rerum','Maxime quibusdam quo voluptatum omnis sunt. Omnis quos aut suscipit saepe et excepturi aliquid. Tempora et esse possimus ipsam velit labore. Maiores voluptatum est beatae tempore odio.',80),(81,'non','Quia iste quod voluptatibus corrupti voluptates maxime. Qui fugiat ullam amet illum quia voluptatem iusto. Facilis est a voluptates id et.',81),(82,'non','Facere deserunt saepe ex quia totam. A occaecati aut qui delectus aut numquam et quia. Asperiores eaque aut nihil est eum itaque eum.',82),(83,'exercitationem','Maxime amet maiores incidunt hic nihil. Sed laudantium sunt et ducimus nobis enim voluptas voluptates. Voluptatem est assumenda est ipsa alias voluptatem saepe. Facere aperiam velit distinctio autem culpa alias laborum. Eaque autem est voluptatu',83),(84,'et','Non velit fuga sed quos commodi. Consectetur aliquam doloremque at doloremque voluptatem rerum. Perspiciatis dignissimos cupiditate rerum impedit labore vel soluta. Voluptatibus iure a molestiae non harum.',84),(85,'et','Illum omnis autem eos praesentium. Sit quae quas error omnis praesentium consequuntur.',85),(86,'natus','Minus dolorem sit et esse et harum. Quasi minima voluptatibus aliquam sit magni. Veritatis soluta voluptatem amet iure quo et.',86),(87,'facere','Voluptatum quasi aut debitis voluptatem aut aut. Ipsum vitae quia est sed mollitia eos. Incidunt cum voluptatem et consequatur sint at aspernatur optio. Maiores tempore ex id qui recusandae.',87),(88,'eum','Accusamus est accusantium voluptas tempore enim qui. Dolorem commodi cupiditate aliquam fugiat tenetur illo. Et reprehenderit id enim ea.',88),(89,'ut','Molestias molestiae provident ea minima et qui. Et quis et dolorum ut aspernatur et. Aut repudiandae assumenda molestiae delectus velit necessitatibus ullam quia. Eaque sint perspiciatis velit deserunt ad.',89),(90,'voluptate','Iure id et quisquam aut nobis in tempora. Quaerat provident quis deleniti tempore illum expedita architecto ducimus.',90),(91,'similique','Ut est nihil rerum. Veritatis tempora id hic quisquam aut odit ducimus. Maiores rem et ullam omnis laborum. Aliquam similique perspiciatis rerum exercitationem reprehenderit.',91),(92,'ratione','Dolores aut quasi beatae dolorem optio qui qui. Ad necessitatibus et dolor culpa voluptatum. Eos omnis perferendis dicta quis quos.',92),(93,'et','Occaecati officiis omnis aut nam id sunt dolorem fugiat. Vel itaque porro cum est veritatis. Eius cum provident inventore omnis.',93),(94,'cupiditate','Impedit voluptas similique praesentium aut voluptas. Enim nulla est aut omnis similique eum. Dolorem delectus officiis quas debitis accusantium. Et commodi quisquam laborum soluta dolorem modi.',94),(95,'corrupti','Non inventore vel earum sit porro sed maxime. Ipsum eaque et non autem deserunt non esse.',95),(96,'amet','Dignissimos rerum rerum quia cupiditate. Qui nobis ut placeat placeat sed. Recusandae qui est placeat architecto explicabo facere expedita.',96),(97,'sed','Ut molestiae eum dolore possimus ut perspiciatis dolor. Similique vel dignissimos adipisci omnis provident. Est voluptas magnam odit nihil laboriosam esse.',97),(98,'rerum','At dicta qui qui esse. Eius ipsum nulla deleniti aliquam mollitia aut. Doloremque quasi suscipit ut repudiandae eaque dolorem similique.',98),(99,'debitis','Aut totam laudantium incidunt qui iusto qui. Maxime nulla rerum quas quasi aut eaque rem.',99),(100,'sed','Rerum incidunt magni qui dolorem quidem. Atque exercitationem doloribus quasi asperiores est dolorem. Fugiat eos mollitia incidunt aliquam assumenda.',100);
/*!40000 ALTER TABLE `communities` ENABLE KEYS */;
UNLOCK TABLES;

--
-- Table structure for table `communities_users`
--

DROP TABLE IF EXISTS `communities_users`;
/*!40101 SET @saved_cs_client     = @@character_set_client */;
/*!50503 SET character_set_client = utf8mb4 */;
CREATE TABLE `communities_users` (
  `community_id` bigint unsigned NOT NULL,
  `user_id` bigint unsigned NOT NULL,
  `created_at` datetime NOT NULL DEFAULT CURRENT_TIMESTAMP,
  PRIMARY KEY (`community_id`,`user_id`),
  KEY `communities_users_comm_idx` (`community_id`),
  KEY `communities_users_users_idx` (`user_id`),
  CONSTRAINT `fk_communities_users_comm` FOREIGN KEY (`community_id`) REFERENCES `communities` (`id`),
  CONSTRAINT `fk_communities_users_users` FOREIGN KEY (`user_id`) REFERENCES `users` (`id`)
) ENGINE=InnoDB DEFAULT CHARSET=utf8mb4 COLLATE=utf8mb4_unicode_ci;
/*!40101 SET character_set_client = @saved_cs_client */;

--
-- Dumping data for table `communities_users`
--

LOCK TABLES `communities_users` WRITE;
/*!40000 ALTER TABLE `communities_users` DISABLE KEYS */;
INSERT INTO `communities_users` VALUES (1,1,'2013-09-18 07:15:35'),(2,2,'1996-04-20 06:34:06'),(3,3,'2018-09-27 09:00:52'),(4,4,'2019-04-15 00:14:52'),(5,5,'2011-09-19 18:31:57'),(6,6,'2008-11-17 03:11:50'),(7,7,'2015-08-02 02:24:52'),(8,8,'2015-08-15 12:12:26'),(9,9,'2006-05-18 18:47:50'),(10,10,'1998-09-12 16:11:38'),(11,11,'2020-07-28 11:04:44'),(12,12,'2018-02-07 00:17:01'),(13,13,'2006-03-15 23:22:16'),(14,14,'2008-04-26 15:58:38'),(15,15,'2007-01-31 19:52:54'),(16,16,'2013-06-21 17:52:18'),(17,17,'1994-08-17 13:08:44'),(18,18,'2000-04-23 13:37:26'),(19,19,'1995-03-03 11:35:29'),(20,20,'1992-10-18 10:19:05'),(21,21,'2012-02-10 00:51:06'),(22,22,'2019-05-09 03:40:33'),(23,23,'2000-08-22 03:26:12'),(24,24,'1996-06-18 20:34:20'),(25,25,'2007-07-28 13:06:19'),(26,26,'1994-05-09 17:23:00'),(27,27,'1996-04-16 06:01:51'),(28,28,'2006-06-28 01:21:34'),(29,29,'2007-01-19 11:53:28'),(30,30,'2020-05-29 16:30:01'),(31,31,'2021-03-03 18:56:25'),(32,32,'1999-01-27 14:35:57'),(33,33,'2007-06-24 11:20:53'),(34,34,'2003-02-18 04:17:49'),(35,35,'2004-05-01 04:31:48'),(36,36,'2001-07-25 19:46:14'),(37,37,'2005-10-25 05:40:06'),(38,38,'2001-10-11 23:24:03'),(39,39,'1996-02-17 23:37:26'),(40,40,'2010-11-15 15:00:00'),(41,41,'2010-08-03 07:28:48'),(42,42,'2002-11-06 05:57:01'),(43,43,'2009-07-03 18:28:29'),(44,44,'2013-01-06 20:48:27'),(45,45,'2007-07-27 22:11:20'),(46,46,'2021-01-07 13:35:05'),(47,47,'1998-03-17 01:06:22'),(48,48,'1992-08-28 10:37:35'),(49,49,'1998-02-16 07:38:55'),(50,50,'1992-07-19 11:57:59'),(51,51,'2010-12-02 20:13:28'),(52,52,'1995-01-03 17:45:20'),(53,53,'2006-12-03 20:31:22'),(54,54,'2019-05-31 15:54:09'),(55,55,'2012-11-07 07:40:30'),(56,56,'2004-05-09 01:20:42'),(57,57,'2004-03-07 09:55:08'),(58,58,'2009-06-15 03:58:05'),(59,59,'1996-09-23 00:10:30'),(60,60,'2020-05-11 23:29:17'),(61,61,'2016-03-09 01:43:33'),(62,62,'1995-11-09 08:44:13'),(63,63,'1994-07-13 11:05:57'),(64,64,'2007-10-28 15:51:01'),(65,65,'1993-10-20 04:38:01'),(66,66,'2020-01-11 15:19:49'),(67,67,'2008-08-03 21:34:06'),(68,68,'1991-12-27 23:42:51'),(69,69,'1999-07-14 06:48:37'),(70,70,'2001-11-05 00:21:43'),(71,71,'2019-02-05 01:06:05'),(72,72,'2009-10-18 15:21:37'),(73,73,'2008-09-02 05:32:37'),(74,74,'1995-09-11 13:57:21'),(75,75,'2014-05-12 12:30:27'),(76,76,'1993-04-11 11:04:17'),(77,77,'2018-08-27 05:19:58'),(78,78,'2018-05-12 15:55:05'),(79,79,'2017-12-30 23:32:38'),(80,80,'2004-12-24 12:30:16'),(81,81,'2013-07-13 02:21:15'),(82,82,'1991-06-02 23:38:34'),(83,83,'1999-08-04 23:37:12'),(84,84,'2003-11-26 15:18:15'),(85,85,'2001-01-22 20:23:02'),(86,86,'2003-06-22 21:32:14'),(87,87,'2007-07-18 02:27:10'),(88,88,'2020-11-04 22:56:51'),(89,89,'2005-03-21 19:11:19'),(90,90,'1994-09-16 15:03:00'),(91,91,'2007-04-18 04:09:28'),(92,92,'2005-03-07 16:14:04'),(93,93,'2007-09-10 13:08:25'),(94,94,'1997-03-18 15:43:10'),(95,95,'1995-05-13 10:18:59'),(96,96,'2009-07-09 03:28:28'),(97,97,'1997-03-30 15:01:41'),(98,98,'2016-04-01 08:44:41'),(99,99,'2000-03-31 10:50:49'),(100,100,'1996-09-14 22:27:13');
/*!40000 ALTER TABLE `communities_users` ENABLE KEYS */;
UNLOCK TABLES;

--
-- Table structure for table `friend_requests`
--

DROP TABLE IF EXISTS `friend_requests`;
/*!40101 SET @saved_cs_client     = @@character_set_client */;
/*!50503 SET character_set_client = utf8mb4 */;
CREATE TABLE `friend_requests` (
  `from_user_id` bigint unsigned NOT NULL,
  `to_user_id` bigint unsigned NOT NULL,
  `accepted` tinyint(1) DEFAULT '0',
  PRIMARY KEY (`from_user_id`,`to_user_id`),
  KEY `fk_friend_requests_from_user_idx` (`from_user_id`),
  KEY `fk_friend_requests_to_user_idx` (`to_user_id`),
  CONSTRAINT `fk_friend_requests_users_1` FOREIGN KEY (`from_user_id`) REFERENCES `users` (`id`),
  CONSTRAINT `fk_friend_requests_users_2` FOREIGN KEY (`to_user_id`) REFERENCES `users` (`id`)
) ENGINE=InnoDB DEFAULT CHARSET=utf8mb4 COLLATE=utf8mb4_unicode_ci;
/*!40101 SET character_set_client = @saved_cs_client */;

--
-- Dumping data for table `friend_requests`
--

LOCK TABLES `friend_requests` WRITE;
/*!40000 ALTER TABLE `friend_requests` DISABLE KEYS */;
INSERT INTO `friend_requests` VALUES (1,2,1),(1,4,0),(1,11,0),(1,15,0),(1,18,0),(2,1,0),(2,5,0),(2,9,1),(2,12,0),(2,20,1),(2,21,1),(2,23,1),(2,26,0),(2,28,0),(2,32,0),(2,52,0),(3,5,1),(3,8,1),(3,10,1),(3,31,0),(3,34,1),(3,53,0),(3,93,1),(4,14,0),(4,41,1),(4,44,1),(4,47,0),(4,49,0),(4,64,0),(4,74,1),(4,94,0),(5,45,0),(5,51,1),(5,55,1),(5,57,0),(5,65,0),(6,1,1),(6,23,1),(6,46,1),(6,56,0),(6,60,0),(6,62,0),(6,86,0),(7,3,0),(7,6,0),(7,17,1),(7,37,0),(7,67,1),(7,70,1),(7,73,0),(7,77,1),(7,79,0),(7,97,0),(8,58,0),(8,68,0),(8,80,0),(8,81,1),(8,84,1),(8,85,1),(8,87,1),(9,19,0),(9,39,0),(9,69,1),(9,90,0),(9,95,1),(9,96,1),(9,99,0),(10,9,1),(10,100,1),(22,2,1),(24,2,0),(25,2,0),(27,2,0),(29,2,1),(30,3,1),(33,3,1),(35,3,1),(38,8,1),(40,4,0),(42,2,1),(43,4,1),(48,8,0),(50,5,1),(54,5,1),(59,9,0),(61,6,0),(63,3,0),(66,6,0),(71,7,0),(72,7,1),(75,7,0),(76,6,1),(78,8,0),(82,8,1),(83,8,0),(88,8,1),(89,9,1),(91,9,1),(92,9,0),(98,9,0);
/*!40000 ALTER TABLE `friend_requests` ENABLE KEYS */;
UNLOCK TABLES;

--
-- Table structure for table `media`
--

DROP TABLE IF EXISTS `media`;
/*!40101 SET @saved_cs_client     = @@character_set_client */;
/*!50503 SET character_set_client = utf8mb4 */;
CREATE TABLE `media` (
  `id` bigint unsigned NOT NULL AUTO_INCREMENT,
  `user_id` bigint unsigned NOT NULL,
  `media_types_id` int unsigned NOT NULL,
  `file_name` varchar(245) CHARACTER SET utf8mb4 COLLATE utf8mb4_unicode_ci DEFAULT NULL COMMENT '/files/folder/img.png',
  `file_size` bigint DEFAULT NULL,
  `created_at` datetime NOT NULL DEFAULT CURRENT_TIMESTAMP,
  PRIMARY KEY (`id`),
  KEY `fk_media_users_idx` (`user_id`),
  KEY `fk_media_media_types` (`media_types_id`),
  CONSTRAINT `fk_media_media_types` FOREIGN KEY (`media_types_id`) REFERENCES `media_types` (`id`),
  CONSTRAINT `fk_media_users` FOREIGN KEY (`user_id`) REFERENCES `users` (`id`)
) ENGINE=InnoDB AUTO_INCREMENT=101 DEFAULT CHARSET=utf8mb4 COLLATE=utf8mb4_unicode_ci;
/*!40101 SET character_set_client = @saved_cs_client */;

--
-- Dumping data for table `media`
--

LOCK TABLES `media` WRITE;
/*!40000 ALTER TABLE `media` DISABLE KEYS */;
INSERT INTO `media` VALUES (1,1,1,'sid',504457,'2019-05-05 00:43:12'),(2,2,2,'curl',293616,'2009-04-06 20:35:55'),(3,3,3,'xul',218193,'2001-10-21 20:20:12'),(4,4,4,'chm',161781,'1992-08-15 11:24:57'),(5,5,1,'fst',28898,'2007-06-13 17:19:03'),(6,6,2,'viv',510138,'2000-12-11 16:04:00'),(7,7,3,'opml',224292,'2019-11-08 06:34:32'),(8,8,4,'wpd',986463,'2012-01-24 16:53:40'),(9,9,1,'dotm',734551,'2014-07-09 14:13:23'),(10,10,2,'kon',687561,'1998-11-02 23:32:03'),(11,11,3,'xaml',473927,'2013-12-12 09:07:19'),(12,12,4,'rtf',494380,'2019-03-24 04:13:04'),(13,13,1,'doc',566923,'2006-11-21 20:54:27'),(14,14,2,'docx',155550,'2015-09-06 23:37:03'),(15,15,3,'f90',230250,'2005-06-18 20:55:52'),(16,16,4,'jad',212316,'2007-06-27 17:16:51'),(17,17,1,'stw',350952,'2012-06-26 19:11:20'),(18,18,2,'wbxml',545939,'2013-01-08 01:32:56'),(19,19,3,'tex',369922,'1998-01-04 06:21:20'),(20,20,4,'ogx',68275,'2005-04-22 02:48:02'),(21,21,1,'unityweb',703900,'2008-02-09 18:59:57'),(22,22,2,'s',669772,'2019-12-13 04:50:09'),(23,23,3,'karbon',307435,'2001-12-05 03:52:50'),(24,24,4,'tfm',717285,'2014-07-25 03:22:28'),(25,25,1,'pkipath',560580,'2006-02-10 18:54:50'),(26,26,2,'list',622967,'1993-04-03 01:51:55'),(27,27,3,'dtd',596602,'2005-12-17 13:01:50'),(28,28,4,'arc',775623,'2002-06-06 00:12:12'),(29,29,1,'vcf',289721,'2009-12-22 14:44:39'),(30,30,2,'css',875802,'2002-01-06 19:56:47'),(31,31,3,'std',257617,'1994-06-04 10:10:17'),(32,32,4,'m3u',736256,'2012-10-17 02:41:46'),(33,33,1,'woff',531823,'1992-06-23 04:06:13'),(34,34,2,'svd',566416,'2015-09-14 10:37:47'),(35,35,3,'csh',109859,'1991-08-02 03:34:26'),(36,36,4,'semf',415938,'2017-01-06 23:44:50'),(37,37,1,'vrml',630042,'2018-03-18 06:38:58'),(38,38,2,'ics',73907,'2013-03-05 04:31:10'),(39,39,3,'blb',136519,'2002-12-22 04:39:25'),(40,40,4,'rdf',549852,'2021-03-11 14:05:03'),(41,41,1,'application',994356,'2011-09-17 00:54:34'),(42,42,2,'mts',888911,'2008-10-01 03:49:49'),(43,43,3,'json',175674,'1999-05-06 22:09:42'),(44,44,4,'application',200982,'1997-04-11 17:29:29'),(45,45,1,'vis',788046,'2014-11-25 23:27:57'),(46,46,2,'ait',843663,'1997-06-03 20:42:53'),(47,47,3,'caf',155876,'1995-02-07 23:57:36'),(48,48,4,'avi',906765,'2015-07-22 12:20:53'),(49,49,1,'vsf',818750,'2008-05-24 06:49:42'),(50,50,2,'adp',313731,'2006-05-02 00:01:23'),(51,51,3,'cab',257541,'2007-07-20 00:09:34'),(52,52,4,'xlf',272595,'1998-04-04 01:36:53'),(53,53,1,'utz',778065,'1997-11-05 19:14:48'),(54,54,2,'dms',210535,'1997-01-30 20:56:12'),(55,55,3,'sus',351210,'2001-09-06 22:07:09'),(56,56,4,'chrt',798593,'2004-08-26 00:43:16'),(57,57,1,'pbm',242150,'2005-09-05 03:50:38'),(58,58,2,'skp',729611,'1993-08-13 03:12:38'),(59,59,3,'wps',888000,'2004-06-15 00:03:46'),(60,60,4,'xdf',192903,'2018-08-16 02:42:26'),(61,61,1,'odp',412722,'2014-06-30 05:37:42'),(62,62,2,'ttf',219894,'2020-11-26 21:50:10'),(63,63,3,'fdf',213317,'2006-03-31 13:14:59'),(64,64,4,'odft',71062,'2002-11-14 00:38:18'),(65,65,1,'fpx',368211,'2020-08-12 03:42:22'),(66,66,2,'ez2',956981,'1995-03-08 18:51:59'),(67,67,3,'pbm',393409,'2001-12-08 17:59:22'),(68,68,4,'aac',160301,'2019-07-03 10:18:57'),(69,69,1,'kpt',292396,'2003-09-27 12:20:52'),(70,70,2,'mp3',632257,'2008-06-26 20:56:23'),(71,71,3,'fbs',734977,'1999-12-24 20:24:08'),(72,72,4,'xz',896370,'2018-03-03 01:19:30'),(73,73,1,'chm',492663,'2005-10-03 17:50:06'),(74,74,2,'xop',835250,'2017-05-09 00:36:51'),(75,75,3,'vcx',718158,'1997-01-03 09:25:31'),(76,76,4,'opml',652421,'2008-10-28 13:14:59'),(77,77,1,'opml',278886,'1999-10-17 22:55:16'),(78,78,2,'t3',759773,'1998-12-27 09:08:27'),(79,79,3,'odp',622521,'1998-12-03 08:37:43'),(80,80,4,'eot',773576,'2018-05-23 14:49:57'),(81,81,1,'wsdl',877831,'2003-07-10 02:12:09'),(82,82,2,'wmlsc',929327,'1995-05-22 18:07:47'),(83,83,3,'mka',460999,'1993-09-12 19:43:16'),(84,84,4,'potm',855594,'2018-08-12 02:33:58'),(85,85,1,'xlsx',253745,'2007-04-08 08:09:05'),(86,86,2,'ptid',439532,'1999-03-10 01:33:51'),(87,87,3,'fvt',961769,'1995-03-02 21:39:10'),(88,88,4,'pdf',361054,'1996-12-22 06:29:08'),(89,89,1,'mxu',381784,'1993-03-11 04:48:54'),(90,90,2,'torrent',819404,'2019-12-03 01:46:21'),(91,91,3,'class',393183,'2006-10-21 12:39:00'),(92,92,4,'uvva',807148,'1993-04-15 21:55:02'),(93,93,1,'mdi',17073,'2003-03-30 10:55:07'),(94,94,2,'wmd',274844,'1993-11-18 19:04:07'),(95,95,3,'sv4crc',541589,'2003-07-29 16:14:53'),(96,96,4,'cod',377648,'2003-09-04 18:42:21'),(97,97,1,'mng',98425,'1998-10-29 09:21:06'),(98,98,2,'sldx',733902,'2002-06-29 23:44:35'),(99,99,3,'xhtml',474451,'2002-01-29 05:08:18'),(100,100,4,'flac',151357,'2008-02-12 07:31:14');
/*!40000 ALTER TABLE `media` ENABLE KEYS */;
UNLOCK TABLES;

--
-- Table structure for table `media_types`
--

DROP TABLE IF EXISTS `media_types`;
/*!40101 SET @saved_cs_client     = @@character_set_client */;
/*!50503 SET character_set_client = utf8mb4 */;
CREATE TABLE `media_types` (
  `id` int unsigned NOT NULL AUTO_INCREMENT,
  `name` varchar(45) CHARACTER SET utf8mb4 COLLATE utf8mb4_unicode_ci NOT NULL,
  PRIMARY KEY (`id`),
  UNIQUE KEY `name` (`name`)
) ENGINE=InnoDB AUTO_INCREMENT=5 DEFAULT CHARSET=utf8mb4 COLLATE=utf8mb4_unicode_ci;
/*!40101 SET character_set_client = @saved_cs_client */;

--
-- Dumping data for table `media_types`
--

LOCK TABLES `media_types` WRITE;
/*!40000 ALTER TABLE `media_types` DISABLE KEYS */;
INSERT INTO `media_types` VALUES (2,'document'),(3,'image'),(1,'music'),(4,'photo');
/*!40000 ALTER TABLE `media_types` ENABLE KEYS */;
UNLOCK TABLES;

--
-- Table structure for table `messages`
--

DROP TABLE IF EXISTS `messages`;
/*!40101 SET @saved_cs_client     = @@character_set_client */;
/*!50503 SET character_set_client = utf8mb4 */;
CREATE TABLE `messages` (
  `id` bigint unsigned NOT NULL AUTO_INCREMENT,
  `from_user_id` bigint unsigned NOT NULL,
  `to_user_id` bigint unsigned NOT NULL,
  `txt` text CHARACTER SET utf8mb4 COLLATE utf8mb4_unicode_ci NOT NULL,
  `is_delivered` tinyint(1) DEFAULT '0',
  `created_at` datetime NOT NULL DEFAULT CURRENT_TIMESTAMP,
  `update_at` datetime DEFAULT NULL ON UPDATE CURRENT_TIMESTAMP,
  PRIMARY KEY (`id`),
  KEY `fk_messages_from_user_idx` (`from_user_id`),
  KEY `fk_messages_to_user_idx` (`to_user_id`),
  CONSTRAINT `fk_messages_users_1` FOREIGN KEY (`from_user_id`) REFERENCES `users` (`id`),
  CONSTRAINT `fk_messages_users_2` FOREIGN KEY (`to_user_id`) REFERENCES `users` (`id`)
) ENGINE=InnoDB AUTO_INCREMENT=101 DEFAULT CHARSET=utf8mb4 COLLATE=utf8mb4_unicode_ci;
/*!40101 SET character_set_client = @saved_cs_client */;

--
-- Dumping data for table `messages`
--

LOCK TABLES `messages` WRITE;
/*!40000 ALTER TABLE `messages` DISABLE KEYS */;
INSERT INTO `messages` VALUES (1,1,2,'Mystery,\' the Mock Turtle a little of the Lobster; I heard him declare, \"You have baked me too brown, I must go by the carrier,\' she thought; \'and how funny it\'ll seem, sending presents to one\'s own.',1,'1996-07-11 06:29:11','2007-06-17 07:23:26'),(2,2,3,'Mock Turtle interrupted, \'if you don\'t know what \"it\" means well enough, when I breathe\"!\' \'It IS the fun?\' said Alice. \'Why not?\' said the Cat: \'we\'re all mad here. I\'m mad. You\'re mad.\' \'How do.',1,'2013-04-29 01:08:01','2006-11-11 19:00:30'),(3,3,2,'DON\'T know,\' said the Gryphon: \'I went to school in the last words out loud, and the executioner went off like an honest man.\' There was nothing so VERY nearly at the mouth with strings: into this.',0,'2012-12-01 14:25:22','2002-05-14 02:36:04'),(4,2,4,'Presently she began again. \'I wonder what was the only difficulty was, that if something wasn\'t done about it just missed her. Alice caught the baby violently up and saying, \'Thank you, it\'s a very.',1,'2016-07-25 11:19:55','2001-08-11 14:32:20'),(5,5,1,'Alice had no very clear notion how long ago anything had happened.) So she called softly after it, and then at the house, and the choking of the leaves: \'I should like to be executed for having.',1,'1997-02-12 21:44:48','2007-01-17 03:46:57'),(6,3,6,'Dormouse into the open air. \'IF I don\'t know one,\' said Alice. \'I\'ve tried the effect of lying down on the stairs. Alice knew it was an old crab, HE was.\' \'I never was so much about a whiting.',1,'2012-11-08 01:17:43','2008-02-09 19:27:17'),(7,7,6,'Queen said severely \'Who is this?\' She said this she looked at the end.\' \'If you knew Time as well as she could. \'The Dormouse is asleep again,\' said the King and the beak-- Pray how did you ever.',0,'2018-03-28 22:30:32','2003-03-24 06:17:53'),(8,8,7,'May it won\'t be raving mad after all! I almost wish I had it written up somewhere.\' Down, down, down. There was a dispute going on within--a constant howling and sneezing, and every now and then;.',1,'2005-04-20 15:21:26','2009-08-05 17:19:24'),(9,7,9,'Alice replied very readily: \'but that\'s because it stays the same as they were gardeners, or soldiers, or courtiers, or three pairs of tiny white kid gloves: she took up the fan she was now more.',0,'2017-04-24 18:48:02','2017-02-20 04:46:25'),(10,1,10,'ARE OLD, FATHER WILLIAM,\"\' said the Hatter. This piece of evidence we\'ve heard yet,\' said the Mock Turtle. \'Very much indeed,\' said Alice. \'Why?\' \'IT DOES THE BOOTS AND SHOES.\' the Gryphon repeated.',0,'2009-06-19 05:21:12','2005-10-31 00:31:23'),(11,11,1,'Duchess; \'and most of \'em do.\' \'I don\'t even know what they\'re about!\' \'Read them,\' said the King. \'I can\'t remember things as I do,\' said the Queen. \'It proves nothing of the way--\' \'THAT generally.',0,'1999-07-08 00:45:58','1992-09-01 01:36:30'),(12,2,12,'Queen\'s ears--\' the Rabbit angrily. \'Here! Come and help me out of the table, half hoping that they would call after her: the last words out loud, and the reason is--\' here the conversation a.',1,'2001-10-01 06:55:05','2016-11-28 05:52:48'),(13,3,13,'I should understand that better,\' Alice said nothing: she had made her draw back in their mouths--and they\'re all over with William the Conqueror.\' (For, with all speed back to my jaw, Has lasted.',0,'2000-01-03 08:33:34','1992-01-13 09:47:42'),(14,14,1,'It was high time you were all writing very busily on slates. \'What are you getting on?\' said Alice, seriously, \'I\'ll have nothing more happened, she decided to remain where she was, and waited. When.',0,'1994-05-17 10:49:44','2013-03-07 20:52:30'),(15,15,5,'She hastily put down the chimney as she could not remember ever having heard of one,\' said Alice. \'Off with his head!\' or \'Off with their fur clinging close to the door, and knocked. \'There\'s no.',1,'1997-07-01 19:28:43','2000-03-06 00:47:08'),(16,16,6,'Alice. \'Off with his head!\' or \'Off with his head!\' or \'Off with her friend. When she got back to the door. \'Call the next witness. It quite makes my forehead ache!\' Alice watched the Queen said--\'.',0,'1991-09-03 02:06:14','2003-02-13 12:12:03'),(17,7,17,'Alice replied in an angry voice--the Rabbit\'s--\'Pat! Pat! Where are you?\' And then a row of lodging houses, and behind it was all very well without--Maybe it\'s always pepper that had made her next.',1,'2010-08-12 23:48:04','2008-09-10 22:34:41'),(18,1,18,'Gryphon at the Queen, and in his throat,\' said the Caterpillar. Here was another long passage, and the baby joined):-- \'Wow! wow! wow!\' While the Owl and the little door was shut again, and said,.',1,'1996-09-15 04:23:50','2008-07-07 19:41:05'),(19,1,19,'I will prosecute YOU.--Come, I\'ll take no denial; We must have got in your knocking,\' the Footman went on all the first position in dancing.\' Alice said; but was dreadfully puzzled by the fire,.',1,'2014-03-19 05:51:31','1991-09-17 14:12:13'),(20,20,2,'Eaglet, and several other curious creatures. Alice led the way, and nothing seems to like her, down here, and I\'m sure she\'s the best of educations--in fact, we went to the shore. CHAPTER III. A.',0,'2013-04-26 03:14:22','1999-09-11 16:49:52'),(21,21,2,'King, \'that only makes the matter with it. There was nothing on it but tea. \'I don\'t know where Dinn may be,\' said the youth, \'one would hardly suppose That your eye was as steady as ever; Yet you.',0,'2009-12-16 02:42:55','2004-10-15 18:35:40'),(22,2,22,'Mock Turtle; \'but it doesn\'t mind.\' The table was a paper label, with the words \'DRINK ME,\' but nevertheless she uncorked it and put it to speak first, \'why your cat grins like that?\' \'It\'s a pun!\'.',0,'2019-03-15 23:32:27','1997-05-05 13:49:50'),(23,2,23,'She did not at all for any lesson-books!\' And so it was impossible to say a word, but slowly followed her back to finish his story. CHAPTER IV. The Rabbit started violently, dropped the white kid.',1,'1996-10-14 11:16:33','2011-01-20 06:02:54'),(24,4,24,'The Hatter was the first witness,\' said the March Hare. \'He denies it,\' said Alice. \'Come on, then,\' said Alice, in a wondering tone. \'Why, what a long argument with the bones and the poor little.',1,'2017-11-30 06:29:05','2017-04-11 22:37:34'),(25,5,25,'Alice considered a little three-legged table, all made of solid glass; there was Mystery,\' the Mock Turtle sighed deeply, and began, in rather a handsome pig, I think.\' And she went on in the last.',0,'2006-04-01 13:27:14','2000-10-21 12:00:21'),(26,26,2,'How puzzling all these strange Adventures of hers that you have of putting things!\' \'It\'s a Cheshire cat,\' said the Queen. \'You make me larger, it must be the best of educations--in fact, we went to.',0,'1992-11-24 19:59:38','1995-08-14 23:09:27'),(27,27,7,'She felt that this could not tell whether they were all crowded round it, panting, and asking, \'But who is to do so. \'Shall we try another figure of the deepest contempt. \'I\'ve seen hatters before,\'.',1,'2019-12-09 11:58:52','2002-09-21 13:37:26'),(28,8,28,'I had not a VERY turn-up nose, much more like a telescope.\' And so she went on, \'What HAVE you been doing here?\' \'May it please your Majesty?\' he asked. \'Begin at the moment, \'My dear! I wish you.',1,'2008-05-27 14:35:58','2017-03-31 18:00:15'),(29,2,9,'She is such a capital one for catching mice you can\'t help it,\' said Alice. \'Then you may SIT down,\' the King said, for about the same when I was going to dive in among the distant sobs of the thing.',0,'1992-03-24 02:01:45','2020-02-14 01:36:45'),(30,3,30,'However, everything is queer to-day.\' Just then she walked on in a furious passion, and went to the jury. \'Not yet, not yet!\' the Rabbit noticed Alice, as she ran. \'How surprised he\'ll be when he.',0,'2011-09-14 03:07:33','2000-10-05 18:46:41'),(31,3,31,'I to get to,\' said the Dormouse; \'VERY ill.\' Alice tried to get us dry would be so proud as all that.\' \'With extras?\' asked the Gryphon, before Alice could hardly hear the rattle of the Queen\'s.',0,'1995-09-27 16:23:04','2006-04-20 07:37:35'),(32,2,3,'Gryphon, before Alice could not remember the simple and loving heart of her or of anything else. CHAPTER V. Advice from a bottle marked \'poison,\' it is to find that the Queen said to herself how she.',0,'2000-01-28 06:45:59','2008-03-13 08:53:40'),(33,3,33,'Queen. \'I haven\'t the least notice of her or of anything to say, she simply bowed, and took the place of the moment how large she had got so close to them, and was delighted to find that she was in.',0,'1997-01-09 07:32:15','1998-12-26 10:59:40'),(34,4,34,'Alice; \'it\'s laid for a moment to think about stopping herself before she made out that the Gryphon only answered \'Come on!\' cried the Mock Turtle persisted. \'How COULD he turn them out again. The.',1,'1994-09-24 23:49:58','1998-09-08 05:06:46'),(35,35,3,'Who in the window, I only wish they WOULD put their heads down and make one quite giddy.\' \'All right,\' said the Hatter: \'I\'m on the glass table and the baby at her feet in a low, hurried tone. He.',1,'1994-01-31 17:41:08','2011-05-18 03:34:47'),(36,3,6,'That he met in the sea, \'and in that soup!\' Alice said with a sigh: \'it\'s always tea-time, and we\'ve no time she\'d have everybody executed, all round. (It was this last remark, \'it\'s a vegetable. It.',0,'2005-05-09 17:35:13','2003-10-01 12:51:32'),(37,7,3,'I\'m sure _I_ shan\'t be beheaded!\' \'What for?\' said the Eaglet. \'I don\'t see,\' said the Duchess; \'and most of \'em do.\' \'I don\'t know what they\'re about!\' \'Read them,\' said the Hatter, \'you wouldn\'t.',1,'2011-12-11 17:03:58','2015-09-02 11:41:16'),(38,3,38,'March Hare said in a large caterpillar, that was said, and went on muttering over the verses to himself: \'\"WE KNOW IT TO BE TRUE--\" that\'s the queerest thing about it.\' (The jury all brightened up.',1,'2018-02-03 11:59:54','2007-08-03 13:36:43'),(39,9,3,'Alice said with a kind of sob, \'I\'ve tried the little thing howled so, that Alice had no idea what you\'re doing!\' cried Alice, with a deep voice, \'are done with a bound into the court, \'Bring me the.',0,'2014-04-04 18:41:35','2018-09-08 01:32:44'),(40,4,40,'The cook threw a frying-pan after her as she went on saying to herself \'It\'s the first day,\' said the Caterpillar sternly. \'Explain yourself!\' \'I can\'t help it,\' said Alice. \'Who\'s making personal.',1,'2002-08-01 13:22:43','2013-09-17 11:14:30'),(41,41,4,'Alice, very much of it now in sight, hurrying down it. There could be beheaded, and that in the prisoner\'s handwriting?\' asked another of the country is, you know. Come on!\' \'Everybody says \"come.',1,'2005-03-27 02:38:11','2001-10-30 06:42:40'),(42,2,42,'THAT\'S a good way off, panting, with its arms and legs in all my life, never!\' They had a bone in his turn; and both footmen, Alice noticed, had powdered hair that curled all over their heads. She.',1,'2011-08-26 03:28:50','2008-02-07 18:35:02'),(43,43,4,'Alice replied in a low curtain she had succeeded in getting its body tucked away, comfortably enough, under her arm, that it seemed quite natural); but when the race was over. Alice was not even get.',1,'1995-06-10 21:34:19','2010-10-16 03:04:52'),(44,44,4,'This was not here before,\' said Alice,) and round the rosetree; for, you see, Alice had not the right house, because the chimneys were shaped like ears and whiskers, how late it\'s getting!\' She was.',1,'2001-03-30 14:04:26','1997-09-08 03:16:05'),(45,4,45,'Queen of Hearts, she made some tarts, All on a branch of a dance is it?\' The Gryphon sat up and bawled out, \"He\'s murdering the time! Off with his head!\"\' \'How dreadfully savage!\' exclaimed Alice..',0,'2005-07-28 18:28:29','2008-06-03 16:26:13'),(46,4,6,'Writhing, of course, I meant,\' the King said to the game. CHAPTER IX. The Mock Turtle\'s Story \'You can\'t think how glad I am in the act of crawling away: besides all this, there was enough of me.',0,'2017-06-19 09:04:01','1994-01-01 08:59:35'),(47,47,4,'Off--\' \'Nonsense!\' said Alice, timidly; \'some of the jurymen. \'No, they\'re not,\' said Alice sharply, for she thought, and rightly too, that very few things indeed were really impossible. There.',1,'2011-04-03 05:38:01','1999-04-06 05:24:27'),(48,8,48,'Queen. \'I haven\'t opened it yet,\' said Alice; \'it\'s laid for a baby: altogether Alice did not like to be lost, as she swam nearer to make out which were the two creatures, who had spoken first..',0,'2005-06-27 13:16:43','1991-05-08 16:40:00'),(49,4,9,'Said his father; \'don\'t give yourself airs! Do you think you\'re changed, do you?\' \'I\'m afraid I don\'t believe it,\' said Alice to herself, \'it would have this cat removed!\' The Queen turned angrily.',1,'1996-05-30 02:22:57','2002-03-18 08:04:41'),(50,5,50,'Caterpillar, just as she came upon a Gryphon, lying fast asleep in the house, and found quite a chorus of \'There goes Bill!\' then the different branches of Arithmetic--Ambition, Distraction,.',0,'1997-09-28 05:38:38','2003-10-23 18:39:07'),(51,1,5,'Pray, what is the reason and all sorts of little Alice and all her fancy, that: they never executes nobody, you know. Come on!\' \'Everybody says \"come on!\" here,\' thought Alice, \'shall I NEVER get.',1,'2000-11-01 20:28:56','2001-08-02 14:57:21'),(52,2,5,'I could say if I only knew the name again!\' \'I won\'t indeed!\' said the Mock Turtle: \'why, if a dish or kettle had been all the time when I got up and said, \'That\'s right, Five! Always lay the blame.',0,'2011-09-13 19:55:33','2002-06-14 02:03:12'),(53,5,3,'Caterpillar contemptuously. \'Who are YOU?\' Which brought them back again to the garden at once; but, alas for poor Alice! when she had sat down again very sadly and quietly, and looked at Alice..',0,'1992-06-30 10:06:26','2018-07-13 21:54:11'),(54,5,54,'March Hare meekly replied. \'Yes, but I hadn\'t drunk quite so much!\' said Alice, as the Caterpillar contemptuously. \'Who are YOU?\' said the Dodo said, \'EVERYBODY has won, and all her knowledge of.',0,'2000-09-30 12:36:06','2011-07-21 10:33:56'),(55,55,5,'Where CAN I have dropped them, I wonder?\' As she said to herself, \'it would have called him a fish)--and rapped loudly at the place of the other side, the puppy made another rush at the cook had.',0,'2017-05-07 20:02:16','2020-03-10 10:19:24'),(56,6,56,'Beautiful, beauti--FUL SOUP!\' \'Chorus again!\' cried the Mock Turtle. \'Hold your tongue, Ma!\' said the Gryphon. \'It all came different!\' Alice replied very solemnly. Alice was rather doubtful whether.',1,'2008-05-12 14:32:32','2009-05-29 07:23:47'),(57,57,7,'Knave \'Turn them over!\' The Knave did so, very carefully, remarking, \'I really must be on the bank, with her head!\' Alice glanced rather anxiously at the flowers and those cool fountains, but she.',0,'2020-03-24 23:26:59','2015-12-19 13:10:56'),(58,8,5,'Alice laughed so much surprised, that for two reasons. First, because I\'m on the end of trials, \"There was some attempts at applause, which was a large mustard-mine near here. And the moral of THAT.',1,'1992-12-09 15:16:37','1995-12-05 09:43:42'),(59,5,9,'King sharply. \'Do you mean \"purpose\"?\' said Alice. \'Did you say it.\' \'That\'s nothing to do: once or twice, and shook itself. Then it got down off the cake. * * * * * * * * * * * * * * \'Come, my.',1,'1996-08-11 20:14:18','2006-10-30 03:30:44'),(60,60,6,'I wonder if I like being that person, I\'ll come up: if not, I\'ll stay down here with me! There are no mice in the way wherever she wanted to send the hedgehog had unrolled itself, and began smoking.',0,'2017-08-19 14:07:17','2013-12-14 01:29:03'),(61,1,61,'Dormouse, after thinking a minute or two she stood still where she was, and waited. When the Mouse replied rather crossly: \'of course you don\'t!\' the Hatter were having tea at it: a Dormouse was.',1,'1996-01-06 22:39:10','2017-06-08 06:48:00'),(62,6,2,'Rabbit whispered in a low, trembling voice. \'There\'s more evidence to come out among the trees, a little timidly, \'why you are painting those roses?\' Five and Seven said nothing, but looked at.',0,'2012-07-01 22:13:31','2006-11-16 07:10:45'),(63,3,63,'King, with an important air, \'are you all ready? This is the same solemn tone, only changing the order of the wood--(she considered him to you, Though they were nowhere to be a footman because he.',0,'2000-06-21 18:24:31','2008-07-09 05:46:38'),(64,64,6,'March Hare. \'Sixteenth,\' added the Hatter, and he checked himself suddenly: the others all joined in chorus, \'Yes, please do!\' pleaded Alice. \'And where HAVE my shoulders got to? And oh, I wish you.',0,'2005-12-14 11:39:39','2013-01-21 08:19:50'),(65,5,65,'Mock Turtle, \'they--you\'ve seen them, of course?\' \'Yes,\' said Alice, in a day is very confusing.\' \'It isn\'t,\' said the White Rabbit; \'in fact, there\'s nothing written on the breeze that followed.',1,'2006-11-18 17:49:38','2001-01-16 05:26:42'),(66,66,6,'All on a three-legged stool in the morning, just time to see if she did not at all fairly,\' Alice began, in rather a complaining tone, \'and they drew all manner of things--everything that begins.',1,'2010-04-22 20:19:10','2001-02-09 03:40:15'),(67,6,7,'Alice. \'And ever since that,\' the Hatter replied. \'Of course it is,\' said the Cat. \'I said pig,\' replied Alice; \'and I do so like that curious song about the crumbs,\' said the Mock Turtle repeated.',0,'2011-04-17 11:55:20','2015-11-26 16:31:36'),(68,8,68,'Alice. \'Of course it is,\' said the Pigeon; \'but if you\'ve seen them at last, with a large canvas bag, which tied up at the Duchess asked, with another dig of her ever getting out of sight. Alice.',0,'2000-06-25 07:52:21','2006-02-15 21:26:37'),(69,9,6,'Hatter replied. \'Of course they were\', said the Duchess, it had made. \'He took me for his housemaid,\' she said to the croquet-ground. The other guests had taken advantage of the singers in the.',1,'2007-11-20 18:08:29','1992-11-16 11:30:55'),(70,70,7,'ARE OLD, FATHER WILLIAM,\' to the shore. CHAPTER III. A Caucus-Race and a Dodo, a Lory and an old Turtle--we used to call him Tortoise--\' \'Why did they live at the end of the jurymen. \'No, they\'re.',1,'2013-12-09 14:27:25','2007-07-25 19:24:49'),(71,7,71,'The Mouse did not like to be full of tears, until there was a good deal on where you want to go! Let me think: was I the same size for ten minutes together!\' \'Can\'t remember WHAT things?\' said the.',0,'2008-01-17 10:28:52','1993-02-02 19:29:04'),(72,72,7,'I shall be a Caucus-race.\' \'What IS the use of this sort in her life before, and she set to work at once without waiting for the hot day made her so savage when they saw Alice coming. \'There\'s.',0,'2007-09-21 05:53:51','2000-09-09 12:32:24'),(73,3,7,'However, she soon made out the Fish-Footman was gone, and the cool fountains. CHAPTER VIII. The Queen\'s Croquet-Ground A large rose-tree stood near the looking-glass. There was a little timidly,.',1,'1995-12-18 01:48:38','1994-06-06 15:57:25'),(74,7,4,'Mind now!\' The poor little thing howled so, that he had taken his watch out of its mouth again, and that\'s all I can reach the key; and if I fell off the mushroom, and raised herself to some tea and.',1,'1993-11-20 17:21:02','2017-09-14 04:35:24'),(75,75,5,'Then followed the Knave of Hearts, and I shall have somebody to talk about cats or dogs either, if you wouldn\'t mind,\' said Alice: \'besides, that\'s not a VERY unpleasant state of mind, she turned to.',0,'1997-03-17 13:38:34','1999-03-12 01:57:56'),(76,6,76,'Alice said nothing; she had not got into a cucumber-frame, or something of the sort!\' said Alice. \'Come on, then!\' roared the Queen, in a sorrowful tone, \'I\'m afraid I am, sir,\' said Alice; \'it\'s.',0,'1994-07-04 05:16:15','1997-11-28 11:35:32'),(77,7,77,'Alice, timidly; \'some of the house!\' (Which was very like a snout than a rat-hole: she knelt down and began staring at the place of the table. \'Nothing can be clearer than THAT. Then again--\"BEFORE.',0,'1996-10-22 16:18:22','2019-05-12 17:52:10'),(78,8,7,'Alice was soon left alone. \'I wish I had to leave it behind?\' She said the Hatter, \'or you\'ll be asleep again before it\'s done.\' \'Once upon a neat little house, and have next to no toys to play.',1,'2001-04-02 11:50:33','1992-11-12 09:17:32'),(79,7,9,'I hadn\'t quite finished my tea when I learn music.\' \'Ah! that accounts for it,\' said Alice, a good character, But said I didn\'t!\' interrupted Alice. \'You did,\' said the Mock Turtle, and to stand on.',0,'2016-05-14 14:14:06','1993-06-14 20:46:38'),(80,8,80,'I am in the common way. So she stood looking at Alice the moment how large she had finished, her sister sat still and said to the fifth bend, I think?\' \'I had NOT!\' cried the Mouse, in a whisper.).',1,'2004-09-11 20:59:46','2009-10-28 01:33:35'),(81,8,81,'Mock Turtle a little anxiously. \'Yes,\' said Alice, quite forgetting her promise. \'Treacle,\' said a timid and tremulous sound.] \'That\'s different from what I like\"!\' \'You might just as I\'d taken the.',0,'2007-05-20 06:37:15','2004-03-08 12:02:42'),(82,8,2,'King. \'It began with the game,\' the Queen furiously, throwing an inkstand at the Gryphon only answered \'Come on!\' cried the Gryphon, and the moon, and memory, and muchness--you know you say it.\'.',1,'2017-10-23 01:25:36','2001-05-16 09:11:53'),(83,8,83,'Mock Turtle: \'crumbs would all come wrong, and she ran across the garden, and I had it written up somewhere.\' Down, down, down. There was a large plate came skimming out, straight at the top of the.',0,'1996-01-26 15:02:32','2001-10-29 20:24:37'),(84,4,8,'I know all the party sat silent and looked at the door of the goldfish kept running in her hands, and she hastily dried her eyes anxiously fixed on it, for she had someone to listen to her. The Cat.',1,'2006-10-04 14:25:52','2005-05-14 02:43:43'),(85,5,85,'I only wish people knew that: then they wouldn\'t be so easily offended!\' \'You\'ll get used to it as well as she was shrinking rapidly; so she set the little golden key in the sea. The master was an.',1,'1992-03-20 15:25:31','2003-04-24 12:43:10'),(86,86,8,'March Hare, who had followed him into the air, and came back again. \'Keep your temper,\' said the Gryphon went on, yawning and rubbing its eyes, \'Of course, of course; just what I say,\' the Mock.',1,'2013-07-25 13:30:18','2004-11-02 15:47:17'),(87,7,8,'She generally gave herself very good advice, (though she very seldom followed it), and handed back to the puppy; whereupon the puppy made another rush at Alice for some minutes. Alice thought she.',0,'2013-10-27 22:16:32','1996-07-08 13:06:11'),(88,8,88,'CHAPTER X. The Lobster Quadrille is!\' \'No, indeed,\' said Alice. \'Why, SHE,\' said the Mouse, frowning, but very glad to do such a thing as \"I sleep when I get SOMEWHERE,\' Alice added as an.',0,'2007-04-16 06:57:05','2014-01-23 07:48:51'),(89,9,8,'Alice, \'I\'ve often seen them at dinn--\' she checked herself hastily. \'I don\'t see how he did not seem to be\"--or if you\'d rather not.\' \'We indeed!\' cried the Mouse, frowning, but very glad to find.',0,'2008-10-31 13:29:35','2005-01-06 08:51:54'),(90,9,90,'I shall be a lesson to you how the Dodo said, \'EVERYBODY has won, and all the things I used to read fairy-tales, I fancied that kind of sob, \'I\'ve tried the roots of trees, and I\'ve tried banks, and.',1,'2008-02-21 13:35:41','2012-05-17 14:04:07'),(91,1,9,'I\'m talking!\' Just then her head pressing against the door, she ran out of that is, but I think I must have been changed for Mabel! I\'ll try if I shall fall right THROUGH the earth! How funny it\'ll.',1,'2006-10-18 11:30:25','2017-03-12 10:07:37'),(92,9,2,'ONE with such a subject! Our family always HATED cats: nasty, low, vulgar things! Don\'t let him know she liked them best, For this must be the right words,\' said poor Alice, \'to speak to this last.',0,'2004-09-07 04:23:37','2004-01-17 19:01:24'),(93,93,3,'Gryphon is, look at all fairly,\' Alice began, in a piteous tone. And she began fancying the sort of circle, (\'the exact shape doesn\'t matter,\' it said,) and then nodded. \'It\'s no business of MINE.\'.',0,'1994-12-29 07:57:56','2017-11-03 21:03:49'),(94,4,9,'Alice. \'I\'m a--I\'m a--\' \'Well! WHAT are you?\' said Alice, swallowing down her flamingo, and began smoking again. This time there could be no chance of her head on her hand, watching the setting sun,.',1,'2018-07-13 12:51:02','1995-06-05 19:00:54'),(95,5,95,'She was walking hand in her pocket, and was surprised to see what would happen next. First, she tried to speak, but for a minute or two, they began running when they saw the White Rabbit read:--.',1,'1996-02-18 17:43:17','2002-09-17 13:54:19'),(96,96,6,'Alice, \'to pretend to be no sort of way, \'Do cats eat bats?\' and sometimes, \'Do bats eat cats?\' for, you see, Miss, this here ought to have him with them,\' the Mock Turtle said: \'advance twice, set.',1,'2000-01-23 22:32:05','1997-06-09 02:04:06'),(97,9,7,'Queen shrieked out. \'Behead that Dormouse! Turn that Dormouse out of sight. Alice remained looking thoughtfully at the beginning,\' the King very decidedly, and the three gardeners, but she was now.',0,'2001-06-29 09:23:28','1992-01-25 14:25:01'),(98,98,8,'For, you see, because some of them bowed low. \'Would you tell me,\' said Alice, (she had grown so large in the distance, sitting sad and lonely on a little nervous about this; \'for it might end, you.',1,'2010-12-16 13:13:25','2006-01-24 06:54:26'),(99,9,99,'Alice. \'Who\'s making personal remarks now?\' the Hatter went on, spreading out the proper way of speaking to a snail. \"There\'s a porpoise close behind us, and he\'s treading on her face in some alarm..',1,'2009-12-03 05:21:21','2003-07-31 03:31:34'),(100,10,1,'Alice again, in a hurry: a large pigeon had flown into her face. \'Wake up, Alice dear!\' said her sister; \'Why, what a delightful thing a bit!\' said the Mock Turtle, \'but if you\'ve seen them at last,.',0,'1999-01-14 05:18:27','2016-04-03 21:21:43');
/*!40000 ALTER TABLE `messages` ENABLE KEYS */;
UNLOCK TABLES;

--
-- Table structure for table `posts`
--

DROP TABLE IF EXISTS `posts`;
/*!40101 SET @saved_cs_client     = @@character_set_client */;
/*!50503 SET character_set_client = utf8mb4 */;
CREATE TABLE `posts` (
  `id` bigint unsigned NOT NULL AUTO_INCREMENT,
  `user_id` bigint unsigned NOT NULL,
  `txt` text CHARACTER SET utf8mb4 COLLATE utf8mb4_unicode_ci NOT NULL,
  `created_at` datetime DEFAULT CURRENT_TIMESTAMP,
  `updated_at` datetime DEFAULT NULL ON UPDATE CURRENT_TIMESTAMP,
  PRIMARY KEY (`id`),
  KEY `user_idx` (`user_id`),
  CONSTRAINT `user_posts_fk` FOREIGN KEY (`user_id`) REFERENCES `users` (`id`)
) ENGINE=InnoDB AUTO_INCREMENT=101 DEFAULT CHARSET=utf8mb4 COLLATE=utf8mb4_unicode_ci;
/*!40101 SET character_set_client = @saved_cs_client */;

--
-- Dumping data for table `posts`
--

LOCK TABLES `posts` WRITE;
/*!40000 ALTER TABLE `posts` DISABLE KEYS */;
INSERT INTO `posts` VALUES (1,1,'Repellendus culpa temporibus soluta accusamus ut impedit suscipit veritatis. Sint illum ad maxime officiis ut modi quo. Quo vel natus voluptatem ut qui nihil.','2009-05-10 19:04:37','2010-10-15 04:10:15'),(2,2,'Eveniet voluptatibus voluptatem omnis quam natus pariatur. Et illum quisquam itaque. Eaque et vero autem voluptas. Aut fugiat in omnis distinctio debitis.','2019-08-02 07:56:24','2003-08-27 19:26:13'),(3,3,'Quo quis consectetur et velit aliquam ut quidem id. Ex atque ea quod est omnis est numquam. Et ducimus voluptate et temporibus qui recusandae cupiditate. Minus mollitia aperiam eum quaerat inventore.','1999-03-11 08:01:43','2016-09-15 09:49:15'),(4,4,'Quam accusamus iste quisquam sit. Est labore ratione doloribus consequatur. Aut facere molestias ullam amet alias. Aut harum quam consequatur perferendis.','2019-11-11 09:15:04','1995-05-31 22:00:46'),(5,5,'Et quod consequuntur ut quidem. Voluptatum omnis eaque atque. Unde labore ducimus et non distinctio.','2001-07-12 19:53:47','2019-07-01 20:01:56'),(6,6,'Sed quam voluptatem voluptates vitae esse. Impedit nisi officia rerum sit voluptatibus ea doloribus. Suscipit et molestias sapiente aspernatur quo asperiores porro. Et ut veniam quia veritatis.','1993-02-09 05:15:40','2007-07-10 03:53:37'),(7,7,'Quibusdam aperiam nulla in sint. Sit itaque eveniet sed eos. In sunt provident voluptatem sit et sed fugiat. Sunt nemo sunt aspernatur hic rerum et.','2017-11-16 06:57:36','2011-06-30 09:25:48'),(8,8,'Quisquam veniam minima nesciunt repellendus. Ab inventore ut assumenda quia in. Vel non ipsum ratione rerum eveniet facilis tenetur.','2009-12-07 20:25:00','1992-05-15 17:01:20'),(9,9,'Temporibus possimus explicabo reiciendis eaque nostrum eius. Rerum et deleniti facere ab officiis dolorum rerum. Dolore dolorem odio sit nemo explicabo.','2000-07-16 14:48:12','1997-08-24 18:12:38'),(10,10,'Autem quasi qui vero totam. Eveniet saepe libero aut ad ut veritatis eum.','2020-05-18 22:49:39','2006-04-20 16:59:00'),(11,11,'Aut enim nemo illum soluta consectetur eum natus. Ipsam laboriosam sed enim officiis. Nisi velit qui reiciendis et.','1993-05-18 15:55:13','1994-04-02 13:31:06'),(12,12,'Delectus tenetur veniam vitae ut dignissimos repellat consequatur. Expedita est neque vitae recusandae impedit natus libero. Nesciunt corporis corporis autem sequi. Dolores dolorem eius cum.','2005-07-26 00:50:45','2016-06-15 06:28:30'),(13,13,'Ratione quo iusto quisquam ea voluptas error a. Aut repellat praesentium eos eos. Ut tempore omnis velit maiores nesciunt temporibus.','1998-04-10 18:28:47','1993-09-30 14:37:15'),(14,14,'Temporibus ab est non et illum quo est sed. Molestias voluptatibus ad est totam et alias. Nihil magni blanditiis autem ipsam sapiente autem.','1991-06-17 13:18:32','2009-03-14 06:40:26'),(15,15,'Ut reiciendis soluta eos atque vel. Repellat sed labore voluptatum repellendus saepe dolor dicta ut. Excepturi est cupiditate distinctio magnam magni est placeat.','2000-03-11 16:11:53','1996-04-21 00:11:47'),(16,16,'Ratione ad deleniti libero et qui quas. Non debitis consequuntur minima eum facilis ab. Nostrum vel quisquam voluptatem commodi modi ipsam occaecati commodi.','2016-07-20 00:05:17','1992-02-04 12:02:37'),(17,17,'Occaecati dolorum totam in placeat. Rerum error illum voluptas odio repudiandae delectus.','2021-03-19 00:56:08','2004-11-09 18:48:29'),(18,18,'Molestiae quidem quos non quia aut quae nulla. Et et nihil ut in. Ex ut doloremque sit asperiores.','1992-12-08 12:34:49','2007-10-27 02:59:38'),(19,19,'Expedita nihil ut voluptatem et voluptas. Error et est maiores qui. Voluptatum sequi in qui aut quis architecto veritatis.','1994-07-11 10:08:28','1999-06-25 14:55:37'),(20,20,'Provident est occaecati voluptas mollitia vel. Vero est tempora et vitae qui reiciendis laboriosam eos. Quo ullam ipsum qui dicta assumenda.','2017-08-30 23:03:12','1999-07-23 13:22:08'),(21,21,'Minus reiciendis veniam aut ut. Et inventore non voluptatem impedit iste. Quidem ea voluptatum eligendi sed voluptatem numquam et. Doloribus veniam dolor excepturi.','1999-11-13 20:33:58','2019-11-28 08:57:43'),(22,22,'Qui aperiam provident exercitationem non error sequi laudantium. Nihil libero perspiciatis ipsa laudantium. Et vero libero eius eaque.','2013-10-13 18:20:49','2013-01-28 08:49:43'),(23,23,'Unde dolores rem earum voluptas magni repudiandae architecto. Similique nihil at nemo totam impedit. Neque quibusdam sint aliquid esse. Cum consequatur repellat sed deleniti aut qui facilis.','1991-06-28 14:39:19','2010-01-11 08:24:36'),(24,24,'Dicta eligendi temporibus doloremque. Dolores possimus sit dolor asperiores. Deserunt rem harum temporibus architecto voluptatem ducimus et.','2011-05-27 01:47:57','1996-04-14 17:59:07'),(25,25,'Aut voluptatem odit fugiat vitae ea ut et. Sit ut repellat consequatur corrupti nihil nam. Nam aspernatur ex porro rerum est quod.','1994-04-28 01:17:17','1998-05-12 17:26:41'),(26,26,'Ad ullam est aliquid repudiandae aut omnis magni. Temporibus magni laudantium illum. Odio soluta nulla qui illum et odit et necessitatibus.','1993-07-10 00:30:17','1992-05-09 18:28:06'),(27,27,'Aut velit tempora iusto ea vero. Atque nobis qui impedit dolores. Neque atque autem vero officia.','2015-07-29 11:04:47','2005-05-27 12:41:32'),(28,28,'Omnis ut aperiam praesentium quae. Quia et omnis rerum. Voluptatibus autem quasi sint harum fugit quas nostrum distinctio. Id est explicabo aliquam voluptatem voluptatem est.','1996-07-07 10:38:14','1999-01-24 05:57:40'),(29,29,'Maiores molestias nostrum in aperiam. Molestias accusamus velit voluptate enim ut suscipit aut. Sapiente adipisci neque aliquam alias omnis magni et cumque.','2018-11-13 14:02:40','2020-08-17 19:35:03'),(30,30,'Et quia quo et deserunt repudiandae est iure. Sed praesentium eveniet velit sint. Id quos sunt vitae quis delectus tempora labore.','2005-09-14 03:05:09','2021-03-25 19:17:23'),(31,31,'Magni qui porro quo quos. Est tenetur esse eligendi qui corporis eius sunt. Cumque eveniet deserunt earum illo.','2011-01-12 18:00:09','2007-09-28 01:17:53'),(32,32,'Repellat sed dolor quisquam qui qui sed maxime. Quia veniam aut sint aut. Harum dolores commodi nesciunt possimus sequi. Facilis voluptas officia ut iste quis labore.','2008-05-22 15:15:21','1996-06-16 20:05:30'),(33,33,'Ea sit molestias facere sint modi. Dolor vel quos harum voluptatem. Voluptas similique hic similique delectus sapiente labore occaecati. Illum a deleniti eaque animi aut eaque.','2001-06-21 23:24:18','2017-04-10 11:46:08'),(34,34,'Voluptatem provident perferendis voluptatem minus quos alias est aut. Ex deserunt harum rerum est praesentium commodi reiciendis. Qui qui ex similique illum ab quas corrupti.','2011-04-28 21:49:40','2019-02-08 22:36:43'),(35,35,'Dignissimos sapiente velit quod recusandae dolores sunt ut et. In error occaecati consequuntur libero numquam. Ut est dolor accusamus voluptatum. Voluptas est maxime velit assumenda ut.','2017-09-13 22:20:37','2008-06-04 21:44:06'),(36,36,'Velit dolorem repudiandae quas. Est autem et nesciunt fugiat vel. Ut corporis culpa velit odio cum porro. Eum consequatur est corporis sunt magni enim.','2011-03-16 10:14:03','1998-10-31 05:21:24'),(37,37,'Voluptatem id distinctio debitis qui nisi et est. Repudiandae quod consequatur ad voluptate laborum. Nisi ut molestiae aliquam tempora. Molestiae voluptatem tempore voluptatem neque quidem odio.','2013-09-03 23:11:15','2004-12-11 06:40:24'),(38,38,'Totam totam dolores quia saepe vel aut. Eligendi tempora eos nihil sed ut hic. Ut libero blanditiis aut vel possimus ipsa molestiae consequatur.','1994-09-06 14:00:25','2011-08-11 20:06:09'),(39,39,'Blanditiis dolore deserunt quia. Temporibus labore iure nihil adipisci et enim nemo. Alias sint ex impedit et autem doloremque.','2008-08-25 06:05:44','1998-07-02 16:38:45'),(40,40,'Molestiae nemo esse tenetur earum. Perspiciatis autem error modi voluptatem fuga minima.','2010-08-11 09:58:55','1997-03-29 10:11:16'),(41,41,'Id at cupiditate consequatur ut. Qui in earum itaque repellat eaque est quisquam. Veritatis dolores aliquid adipisci cum sed recusandae ratione. Voluptatem doloribus quibusdam est cum.','2019-10-01 12:11:37','1996-07-24 11:29:10'),(42,42,'Commodi sunt reiciendis autem omnis sint voluptatum. Aliquid ut culpa excepturi a deleniti voluptate laudantium. Quia nesciunt sed sequi et magnam.','2021-02-04 20:20:09','2008-05-30 15:02:33'),(43,43,'Dolorem quo sint aut voluptatem possimus aut et. Ut alias fugit labore non error consequatur et. Voluptate iste velit qui provident corporis exercitationem sit rerum.','2010-01-11 10:46:35','2006-10-12 15:00:21'),(44,44,'Consequuntur et eos dolorem non. Commodi neque ut est nesciunt voluptatem dolor mollitia. Nisi esse error saepe ab soluta sed. Eius magnam est rerum quia expedita nihil quidem.','1996-05-13 09:05:51','2001-05-20 01:01:25'),(45,45,'Quae asperiores asperiores quaerat amet earum quibusdam maxime sint. Ratione vel error quae explicabo dicta ducimus non. Dolor animi et possimus. Assumenda consequuntur quisquam fugit ut esse velit.','1998-07-24 16:32:52','2005-05-31 07:45:56'),(46,46,'Eligendi sunt tempora dolor suscipit. Saepe ut quas ut deleniti maxime laboriosam ipsa sit. Aut nihil et et. Quis soluta et ullam cupiditate assumenda qui sint.','2015-11-30 13:30:13','2008-02-23 19:30:38'),(47,47,'Sint ducimus dolorem fugiat est sed. Incidunt adipisci unde ut labore sint. Quia facere et officia ducimus. Voluptatem optio non maxime nulla aspernatur quod.','2018-10-31 08:34:19','2005-07-06 12:13:59'),(48,48,'Voluptate magni eum quis culpa ullam aut. Rerum accusantium quibusdam facere ut vero beatae qui accusantium. Quas et blanditiis cum repellendus.','2014-08-13 09:05:59','2002-05-01 01:45:42'),(49,49,'Veniam eveniet accusamus at laudantium ratione voluptas mollitia. Ut qui recusandae modi ea excepturi. Possimus sed et soluta officiis voluptas.','2013-12-21 14:34:35','2008-04-04 15:14:46'),(50,50,'Adipisci rerum sunt pariatur et quis culpa nam. Facere quod aperiam molestias aut in necessitatibus minima.','1996-07-05 06:54:19','2013-02-06 10:00:31'),(51,51,'Eos et non et nihil porro. Quas excepturi molestiae dignissimos quia est minima dignissimos voluptas. Occaecati necessitatibus laudantium blanditiis dolores laboriosam. Atque itaque nihil omnis.','2019-11-18 08:49:17','2015-07-24 04:03:45'),(52,52,'Rerum iste ut officiis aliquid est. Qui aperiam eligendi deserunt dolor sequi dignissimos autem. Earum repudiandae ut asperiores nobis.','1998-01-24 13:39:46','2017-04-14 03:34:05'),(53,53,'Numquam aut perspiciatis occaecati at consequatur alias. Quisquam omnis ad quis perspiciatis. Rerum reiciendis quia et voluptas cum debitis.','2012-04-19 08:47:51','2001-08-05 01:54:23'),(54,54,'Possimus accusamus consequatur magnam sed voluptate aliquid. Tenetur voluptatem consectetur ipsum asperiores explicabo tempora ullam.','2011-07-03 22:19:51','2019-01-20 21:18:41'),(55,55,'Quasi eveniet fugit sed. Quo quia autem architecto dolorem laudantium ipsa velit. Corrupti aspernatur at magni autem soluta quos.','1996-11-27 01:14:11','1999-06-18 09:29:56'),(56,56,'Voluptate facere alias eos excepturi recusandae rerum. Veritatis rerum et aut reprehenderit enim. Fugit et saepe et at totam consequatur. At corrupti at rerum consectetur et quaerat.','1996-02-02 14:26:48','2004-09-04 14:42:34'),(57,57,'Pariatur quae repellendus et natus. Voluptatem ullam optio accusantium ipsum corporis porro velit. Recusandae earum rerum itaque voluptatibus optio quia totam quas.','2012-11-05 19:36:42','2018-06-25 12:44:53'),(58,58,'Ducimus et voluptas voluptatum architecto. Vitae et magnam porro quam ex aliquam laborum corrupti. Dolorem quas totam voluptatem ea in. Dolores voluptas sint corrupti cum neque est non.','2009-07-08 09:25:42','2014-12-26 10:11:15'),(59,59,'Ut rem quo soluta necessitatibus maiores et officia itaque. Est asperiores et nihil occaecati. Vel veniam voluptatum quas rem voluptate et. Et accusamus id adipisci accusamus aut et et.','2003-10-25 00:56:12','2001-06-20 03:10:09'),(60,60,'Delectus illum amet dolorem quis commodi. Vel et eius sint. Nostrum velit quo ipsam dignissimos excepturi animi ut. Impedit tempora amet enim et.','2008-10-30 07:19:39','2020-12-09 13:49:29'),(61,61,'Pariatur quas nobis commodi voluptate. Omnis libero et doloremque alias est adipisci. Odit qui ipsam voluptates neque. Nesciunt quae ullam iste et.','2010-01-30 05:20:08','1997-04-12 06:16:26'),(62,62,'Veritatis necessitatibus saepe voluptatem ea velit vitae. Quidem illo rerum quidem deleniti laudantium. Qui cupiditate deserunt et quod. Explicabo ut labore rerum ipsum porro repellendus vitae.','2007-06-30 00:21:00','2006-05-08 12:04:52'),(63,63,'Sed dolores quis quia ipsum quod minus et odit. Nulla voluptas tempora ea et. Quis harum ut eaque debitis at enim veritatis. Dolorem hic qui quibusdam nesciunt.','2007-04-20 21:02:11','2017-08-17 20:21:27'),(64,64,'Ratione fugiat nemo et qui. Exercitationem quibusdam consectetur deleniti sint quasi earum. Illum perferendis necessitatibus ipsa sit quasi velit. Fugit praesentium deleniti dolor laborum dolorum.','2001-05-24 12:28:54','1991-09-13 11:57:43'),(65,65,'Mollitia dolore aperiam non reiciendis. Et ad vel veritatis aliquid saepe. Inventore neque quos sit veniam eius rerum placeat.','1995-08-03 02:42:56','1992-10-14 10:25:12'),(66,66,'Et sit officia deserunt qui voluptatem. Ipsa eos aut corrupti qui.','1997-10-28 21:23:57','2021-04-02 01:59:31'),(67,67,'Provident quam accusantium ipsam ratione quisquam et. Autem nulla et vel fugit omnis fugit temporibus. Eum ut quod rerum porro. Accusamus voluptatem et veritatis amet.','2019-02-09 12:20:39','2005-11-06 21:08:40'),(68,68,'Alias nesciunt magnam cumque sed. Corporis consectetur ratione quo sunt. Molestiae rem quo error non dolorum.','2008-04-25 13:19:14','1997-06-23 04:09:44'),(69,69,'Quam fugiat ratione et inventore non sit. Non dolorum architecto omnis et voluptas. Rem voluptate cumque cum expedita dolor.','1993-09-11 06:10:34','1993-12-30 23:33:18'),(70,70,'Fugit vel eveniet dolorem iure laudantium voluptate. Minus natus omnis dolorem. Aliquam necessitatibus dignissimos et quisquam eius rerum.','1998-05-21 12:39:00','2003-01-08 05:12:36'),(71,71,'Est et harum quia laborum in commodi vel. Aspernatur quis eligendi beatae commodi. Dicta est nam illum dolorum eum dolores qui cupiditate.','1995-07-25 22:43:57','2011-08-09 04:16:25'),(72,72,'Et explicabo autem quae saepe. Non delectus maiores voluptas exercitationem sunt voluptatem eum. Inventore et sunt quia ratione.','2005-06-08 11:13:51','2019-08-22 17:10:18'),(73,73,'Accusamus id laboriosam in et et. Minima corrupti sunt minima quas aperiam. Quibusdam corrupti enim in voluptas. Sit asperiores ut non quo qui architecto natus.','2006-06-05 06:34:38','1991-04-19 23:22:29'),(74,74,'Delectus occaecati enim totam et. Et consequatur similique dolorum impedit quos. Voluptatem vitae ut architecto aliquid. Suscipit aut corporis corrupti voluptatem.','1996-02-04 18:31:59','1993-11-17 05:30:44'),(75,75,'Laudantium officiis nam est consequuntur dolore provident non est. Aliquam est at voluptas ratione. Sit fuga animi itaque debitis iure. Nostrum saepe quaerat qui possimus beatae voluptates dolore.','2013-10-06 14:49:37','1996-03-27 17:15:13'),(76,76,'Earum iste eaque est atque. Rerum aliquid voluptatem dolorem dolores ipsam unde et. Doloribus repellat velit modi cumque quam.','1996-10-21 22:08:47','2012-04-03 14:49:56'),(77,77,'Eveniet rerum aliquam labore blanditiis et. Error magni veritatis explicabo facere. Modi odio ab molestiae eum est. Error sit fuga recusandae nam sint ut.','2003-11-23 06:57:08','2021-03-28 19:47:57'),(78,78,'Eos voluptas iusto at maiores consequatur. Sequi dolorum atque perspiciatis. Inventore nihil dolorem necessitatibus et est quis aspernatur quos.','2012-08-10 10:06:47','2012-05-23 09:41:42'),(79,79,'Eveniet molestiae voluptatem sed magnam quos illo. Quibusdam aut et fugit similique consequatur eos voluptas. Praesentium ullam ducimus quis rerum.','2018-10-01 22:33:48','2005-12-24 12:42:53'),(80,80,'Ipsa esse assumenda nulla est. Omnis voluptatem iure odio aut fugiat.','2011-11-28 02:00:11','1993-09-04 21:40:33'),(81,81,'Et reiciendis dolorum error ipsum voluptas explicabo et et. Amet nihil maiores est nemo. Dolorem et maxime alias corrupti vero. Eos in ducimus labore quasi.','1991-07-12 21:35:09','2006-10-17 09:11:10'),(82,82,'Aut qui et recusandae eum nesciunt. Quisquam ullam illo hic qui vel quis quas est. Labore ad quis autem dolor doloribus nisi. Suscipit facilis et fugiat.','2009-06-24 20:28:33','1995-09-24 15:25:22'),(83,83,'Dolore enim et maiores exercitationem corporis. Quia omnis sint deleniti quasi nam quo ut. Necessitatibus nihil dolor deleniti asperiores sit.','2002-05-18 04:59:19','1997-05-19 06:46:30'),(84,84,'Officia id labore quia laboriosam debitis. Sint odit autem et neque nulla alias. Rerum similique sint nihil exercitationem.','2011-04-06 08:48:25','2007-06-13 02:29:39'),(85,85,'Qui ducimus minus repellat ipsa nostrum dolorum. Nemo omnis facilis itaque distinctio delectus. Ab voluptatibus esse pariatur omnis sed.','1995-03-16 14:26:45','2005-02-12 16:11:59'),(86,86,'Dolorem est quae rem cupiditate beatae enim velit nulla. Explicabo officia consequatur sed accusantium voluptates. Reprehenderit quos aut aut ut iste ab.','2013-09-16 02:10:54','2002-07-20 18:30:49'),(87,87,'Et nam quia perspiciatis. Autem vitae est consequatur ut quia voluptates. Et quod quasi eius tempore. Minima et quo quibusdam.','2017-05-29 23:30:23','2007-02-15 01:43:42'),(88,88,'Maxime excepturi veniam dolorem at sit. Soluta optio libero sed porro. A eligendi praesentium quia maxime.','2013-08-06 22:33:16','2019-06-15 05:31:48'),(89,89,'Tempore autem quia veniam. Ut ut quis tempore dolor dolor quasi ut veritatis. Harum labore non voluptas et quibusdam nisi rerum temporibus. Magni facere perspiciatis ex.','2003-01-09 16:29:21','2009-11-14 03:46:08'),(90,90,'Quia ratione natus est consequuntur minima vel sed. Voluptatum quasi excepturi quo quam quam quod. Temporibus aut vel dolorum maiores doloribus perferendis.','2005-04-07 09:29:06','2010-08-04 06:57:43'),(91,91,'Exercitationem explicabo ex non. Odit quo aut eos amet. Hic aspernatur similique et impedit. Deserunt quam pariatur doloremque quisquam labore delectus minus.','2014-06-04 02:04:19','2014-06-27 14:56:17'),(92,92,'Est corporis animi nam et doloribus. Vitae repellendus ut doloribus vel qui. Sunt consectetur dolorum qui quod et a. Quo nihil distinctio dolor ex voluptatum est.','2017-07-18 22:41:15','2018-03-23 21:30:51'),(93,93,'Illo veritatis rerum ducimus libero. Corrupti iste distinctio qui dignissimos. Sit maxime quo a quibusdam sapiente sed. Sunt neque maiores nisi deleniti officiis tenetur nam.','2013-05-26 11:42:15','1995-05-28 20:05:45'),(94,94,'Repellendus consequuntur ut et exercitationem excepturi. Officia eius omnis molestiae id quas officia. Dolorem voluptates aut ut incidunt ipsam.','2007-12-12 16:39:38','1996-07-21 10:04:12'),(95,95,'Perferendis omnis rerum aut voluptatibus et provident. Adipisci voluptatem natus minus quis rem aut est. Maiores quo occaecati aut fugit.','2018-11-25 01:55:33','1996-12-20 11:55:38'),(96,96,'Ab nostrum non quo sunt. Dignissimos nostrum id sit ut aliquam qui. Eum aut exercitationem est optio blanditiis quis exercitationem.','2001-09-24 09:04:23','1993-10-03 02:10:01'),(97,97,'Voluptas possimus sunt odio expedita qui aut. Tempora quia dolor labore consequuntur temporibus nemo eveniet nesciunt. Earum omnis dolores rerum et.','2000-03-10 04:52:10','2015-01-13 18:44:36'),(98,98,'Qui vel in exercitationem voluptas rerum aut quia. Praesentium nihil aspernatur dicta quia quia. Inventore ducimus qui fugiat quibusdam est.','2011-05-19 21:57:32','2005-03-16 17:43:29'),(99,99,'Sed tempore ad ut quisquam. Ea modi facilis blanditiis debitis corrupti. Est quisquam magni tempore.\nIn ipsam sed vero rerum rem. Tempora dolores nobis id provident. Eligendi laudantium soluta sed.','2018-02-22 06:00:47','2007-11-02 11:55:05'),(100,100,'Et illo laudantium magni explicabo fugit vitae id id. Minima a itaque consequatur aut quis natus quibusdam. Eos sint possimus at laborum enim sit sunt. Aut atque cum ad minus.','2016-03-16 04:05:45','2017-01-02 16:39:49');
/*!40000 ALTER TABLE `posts` ENABLE KEYS */;
UNLOCK TABLES;

--
-- Table structure for table `posts_likes`
--

DROP TABLE IF EXISTS `posts_likes`;
/*!40101 SET @saved_cs_client     = @@character_set_client */;
/*!50503 SET character_set_client = utf8mb4 */;
CREATE TABLE `posts_likes` (
  `post_id` bigint unsigned NOT NULL,
  `user_id` bigint unsigned NOT NULL,
  `like_type` tinyint(1) DEFAULT '1',
  PRIMARY KEY (`post_id`,`user_id`),
  KEY `post_idx` (`post_id`),
  KEY `user_idx` (`user_id`),
  CONSTRAINT `posts_likes_fk` FOREIGN KEY (`post_id`) REFERENCES `posts` (`id`),
  CONSTRAINT `users_likes_fk` FOREIGN KEY (`user_id`) REFERENCES `users` (`id`)
) ENGINE=InnoDB DEFAULT CHARSET=utf8mb4 COLLATE=utf8mb4_unicode_ci;
/*!40101 SET character_set_client = @saved_cs_client */;

--
-- Dumping data for table `posts_likes`
--

LOCK TABLES `posts_likes` WRITE;
/*!40000 ALTER TABLE `posts_likes` DISABLE KEYS */;
INSERT INTO `posts_likes` VALUES (1,1,1),(1,2,1),(1,5,0),(1,9,0),(1,10,1),(1,14,1),(1,41,1),(1,61,1),(1,71,1),(1,81,1),(1,91,0),(2,12,0),(2,20,0),(2,24,0),(2,26,1),(2,28,0),(2,32,1),(2,52,1),(2,62,0),(3,1,1),(3,34,1),(4,3,0),(4,45,0),(4,84,0),(5,15,1),(5,25,0),(5,35,1),(5,55,0),(5,56,0),(5,57,1),(5,75,0),(6,2,1),(6,76,1),(7,2,0),(7,17,1),(7,27,0),(7,47,1),(7,67,1),(8,2,1),(8,38,0),(8,48,0),(8,68,1),(8,83,0),(8,98,0),(9,19,0),(9,39,0),(9,59,0),(9,79,1),(9,89,0),(9,90,1),(9,95,0),(9,96,1),(9,99,1),(11,1,0),(13,1,0),(16,1,0),(18,1,0),(21,2,0),(22,2,1),(23,2,1),(29,2,1),(30,3,0),(31,1,1),(33,3,0),(36,3,0),(37,3,1),(40,4,0),(42,4,0),(43,4,1),(44,4,1),(46,4,0),(49,4,1),(50,5,0),(51,1,0),(53,5,1),(54,5,0),(58,5,0),(60,6,0),(63,6,1),(64,6,0),(65,5,0),(66,6,0),(69,9,0),(70,7,1),(72,2,1),(73,7,0),(74,4,0),(77,7,1),(78,7,0),(80,8,1),(82,8,1),(85,5,1),(86,6,0),(87,7,0),(88,8,0),(92,9,0),(93,9,1),(94,9,0),(97,9,0),(100,10,1);
/*!40000 ALTER TABLE `posts_likes` ENABLE KEYS */;
UNLOCK TABLES;

--
-- Table structure for table `profiles`
--

DROP TABLE IF EXISTS `profiles`;
/*!40101 SET @saved_cs_client     = @@character_set_client */;
/*!50503 SET character_set_client = utf8mb4 */;
CREATE TABLE `profiles` (
  `user_id` bigint unsigned NOT NULL,
  `gender` enum('f','m','x') CHARACTER SET utf8mb4 COLLATE utf8mb4_unicode_ci NOT NULL,
  `birthday` date NOT NULL,
  `photo_id` bigint unsigned DEFAULT NULL,
  `user_status` varchar(30) CHARACTER SET utf8mb4 COLLATE utf8mb4_unicode_ci DEFAULT NULL,
  `city` varchar(130) CHARACTER SET utf8mb4 COLLATE utf8mb4_unicode_ci DEFAULT NULL,
  `country` varchar(130) CHARACTER SET utf8mb4 COLLATE utf8mb4_unicode_ci DEFAULT NULL,
  PRIMARY KEY (`user_id`),
  UNIQUE KEY `photo_id` (`photo_id`),
  CONSTRAINT `fk_profiles_media` FOREIGN KEY (`photo_id`) REFERENCES `media` (`id`),
  CONSTRAINT `fk_profiles_users` FOREIGN KEY (`user_id`) REFERENCES `users` (`id`)
) ENGINE=InnoDB DEFAULT CHARSET=utf8mb4 COLLATE=utf8mb4_unicode_ci;
/*!40101 SET character_set_client = @saved_cs_client */;

--
-- Dumping data for table `profiles`
--

LOCK TABLES `profiles` WRITE;
/*!40000 ALTER TABLE `profiles` DISABLE KEYS */;
INSERT INTO `profiles` VALUES (1,'m','1985-10-15',1,'Voluptates consequatur fugit a','Brentfort','Vietnam'),(2,'m','1986-10-23',2,'Quae id omnis ea. Autem volupt','Blancahaven','Moldova'),(3,'x','2004-06-29',3,'Alias iste est quasi omnis in.','North Torey','Gambia'),(4,'m','1999-07-31',4,'Laborum dolores harum dolorem ','South Vivianfurt','South Africa'),(5,'f','1978-06-01',5,'Dolor odit qui quis eos. Odit ','Calimouth','Namibia'),(6,'m','1990-01-07',6,'Asperiores quidem necessitatib','Keelingborough','Martinique'),(7,'f','1974-08-19',7,'Dolor autem velit harum. Ut su','Nitzschetown','Uruguay'),(8,'x','2004-01-10',8,'Optio ex odio quibusdam eum vo','North Wilma','Cote d\'Ivoire'),(9,'f','1993-04-11',9,'Odit eius magni id aliquid ull','New Clayberg','Saint Barthelemy'),(10,'x','1988-11-07',10,'Quas ut omnis ex provident fug','Adellaview','Guinea-Bissau'),(11,'f','2006-12-21',11,'Qui impedit velit sed enim. Cu','Bradtkehaven','Vanuatu'),(12,'f','2020-07-12',12,'Et nihil molestiae ut temporib','McDermottmouth','Falkland Islands (Malvinas)'),(13,'m','1995-01-18',13,'Et vel eligendi veniam non aut','East Lindsey','Ethiopia'),(14,'f','2011-04-22',14,'Ea consequatur dicta fugiat no','East Noelia','Syrian Arab Republic'),(15,'m','1984-10-29',15,'Deleniti repudiandae dolore ma','East Mustafa','Bangladesh'),(16,'m','2020-02-10',16,'In quisquam ipsa corporis quib','Lonnyborough','Montenegro'),(17,'m','1984-04-15',17,'Illum doloremque rerum et faci','Aldafurt','Western Sahara'),(18,'m','1986-11-18',18,'Iure quia officiis nostrum cor','South Dewayneshire','Burundi'),(19,'m','1970-03-25',19,'Rerum magnam dolor id. Dolor d','Lake Christiana','Swaziland'),(20,'f','2003-03-18',20,'Autem molestiae dolorum ipsum ','New Gerda','Heard Island and McDonald Islands'),(21,'f','2009-02-06',21,'Eum ut consectetur dignissimos','Jefferymouth','Cayman Islands'),(22,'x','1977-05-21',22,'Et in est repellat. Sit sint n','Jeremieton','Switzerland'),(23,'m','2019-07-02',23,'Error quis nobis ad aliquid qu','South Suzanne','Syrian Arab Republic'),(24,'m','2016-08-12',24,'Aspernatur voluptatem consequa','Lianaland','Sweden'),(25,'f','1989-05-24',25,'Temporibus quia quibusdam debi','Kubfort','Tanzania'),(26,'x','1995-05-02',26,'Cumque magnam sed ex repellend','Steviefort','Fiji'),(27,'m','1982-03-10',27,'Facere quis quisquam inventore','Svenfort','Greenland'),(28,'x','1980-08-14',28,'Rem veritatis autem voluptate ','Janickhaven','Seychelles'),(29,'f','1997-09-15',29,'Corporis magnam incidunt rem e','Samtown','Spain'),(30,'m','1981-05-16',30,'Repellat repudiandae maxime la','East Jeffry','Italy'),(31,'x','2013-08-30',31,'Non ut expedita sit atque. Dol','South Eriberto','Mexico'),(32,'f','1991-03-19',32,'Ut maxime quam laborum cupidit','New Dorothy','Ukraine'),(33,'x','2015-01-20',33,'Eligendi voluptatem cupiditate','Port Travon','Bahrain'),(34,'m','1982-02-05',34,'Odio voluptatum cupiditate pra','Jaclynberg','Kuwait'),(35,'m','1988-05-08',35,'Ducimus suscipit voluptatem re','East Raystad','Guinea-Bissau'),(36,'x','2017-11-13',36,'Necessitatibus delectus debiti','North Phoebeland','Bahrain'),(37,'x','1991-01-05',37,'Libero recusandae dolor ut per','Lennieview','Canada'),(38,'x','1986-11-11',38,'Omnis dolores cum nesciunt ea ','South Oleta','Saint Vincent and the Grenadines'),(39,'x','2008-05-31',39,'Quia voluptates porro dolores ','Cummingsbury','Grenada'),(40,'f','2014-03-12',40,'Quia et voluptatem perferendis','Jolieland','Ecuador'),(41,'m','1978-06-13',41,'Eius vel suscipit atque ut. Vo','South Pat','Guernsey'),(42,'x','1971-12-20',42,'Dolores deserunt harum enim. R','Port Glenfurt','Montenegro'),(43,'f','2000-10-29',43,'Dignissimos aut iure est atque','Smithamchester','Nicaragua'),(44,'x','1982-04-27',44,'Delectus optio aspernatur ipsa','Wilmaville','Israel'),(45,'f','1998-05-07',45,'Ab sapiente natus tempore et n','North Todtown','Bahamas'),(46,'x','1980-04-24',46,'Eveniet ut veritatis veniam fu','Beiershire','Bermuda'),(47,'f','1987-03-28',47,'In voluptatibus veritatis dele','Port Berenicehaven','Luxembourg'),(48,'x','1985-12-27',48,'Dicta dolor non iusto accusant','Lake Vicente','Congo'),(49,'x','1997-03-18',49,'Eveniet quam ea quam est. Et l','New Aydenhaven','United Arab Emirates'),(50,'m','1999-12-17',50,'Atque eveniet reiciendis alias','Kuhlmanside','Fiji'),(51,'m','2004-06-30',51,'Ipsum tenetur aliquid culpa no','Hermannberg','Dominican Republic'),(52,'f','1990-08-07',52,'Nobis aliquam et aperiam et mo','Ferryborough','South Georgia and the South Sandwich Islands'),(53,'m','2005-04-23',53,'A quos dolorem debitis eos dol','Port Meta','Uganda'),(54,'f','2009-11-28',54,'Optio voluptatem aut quia quod','North Vincent','Cook Islands'),(55,'x','1984-07-28',55,'Deleniti quasi numquam ipsum v','North Vickiechester','Bahamas'),(56,'m','2020-09-21',56,'A harum soluta est ipsum volup','South Finnburgh','Romania'),(57,'m','1988-11-28',57,'Occaecati perferendis illum ve','New Jordane','Gambia'),(58,'m','1989-06-10',58,'Dolore perspiciatis sit illum ','Hunterport','Luxembourg'),(59,'f','1993-01-26',59,'Ut at rerum nostrum consequatu','Wuckertport','Monaco'),(60,'x','2015-02-01',60,'Labore facilis laborum exercit','West Herminio','Timor-Leste'),(61,'m','1985-05-27',61,'Maxime ut asperiores quas unde','Port Kristinaville','Mongolia'),(62,'m','1972-11-10',62,'Voluptatem qui cum dicta et es','Predovichaven','Isle of Man'),(63,'x','1989-06-21',63,'Dolor autem nisi illo et in qu','East Katelynn','Pitcairn Islands'),(64,'x','1976-11-15',64,'Fugiat cum exercitationem dele','East Cloyd','Uganda'),(65,'m','2006-06-22',65,'Cupiditate necessitatibus omni','Aylashire','Slovakia (Slovak Republic)'),(66,'f','2001-10-08',66,'Nihil voluptates quo consectet','New Estevan','Albania'),(67,'f','1974-07-12',67,'Reprehenderit nam et et aut eu','Susietown','Togo'),(68,'x','1993-12-27',68,'Magni aut quisquam qui et unde','New Madie','Libyan Arab Jamahiriya'),(69,'x','2010-08-20',69,'Sint doloribus placeat fugiat ','O\'Connellfurt','Argentina'),(70,'f','1980-12-10',70,'Alias id maxime qui. Et dolore','Arturoberg','Canada'),(71,'x','2010-11-16',71,'Laboriosam eaque illum consequ','Port Elisetown','Bangladesh'),(72,'f','2007-10-04',72,'Blanditiis autem totam et maxi','South Rosalyn','Burundi'),(73,'m','1985-08-18',73,'Molestiae provident non ducimu','Brookfurt','Chile'),(74,'f','1992-09-04',74,'Est aliquam voluptatem et nost','West Opalside','Ghana'),(75,'f','1987-08-23',75,'Maxime rerum sint eius non non','Gradyfort','Czech Republic'),(76,'f','1999-07-27',76,'Velit hic nisi officiis ut. As','Lolitaville','French Guiana'),(77,'x','2012-04-16',77,'Quia veniam quos nisi sunt qui','East Elenaborough','Ukraine'),(78,'f','2002-08-06',78,'Aut iste quod quia incidunt se','North Evangeline','Serbia'),(79,'f','1999-12-31',79,'Debitis maiores molestias veli','Lake Juvenal','Saint Vincent and the Grenadines'),(80,'f','1972-12-19',80,'Tempora sunt illo dolor sed. R','Bashirianbury','Cameroon'),(81,'f','1998-07-20',81,'Odit asperiores perspiciatis i','East Howardview','Cape Verde'),(82,'m','1987-01-23',82,'Aliquam sed nostrum assumenda ','Kiraport','Jamaica'),(83,'x','1992-10-25',83,'Voluptatibus deserunt consequa','Hermanfort','Sao Tome and Principe'),(84,'m','2004-04-02',84,'Sed corrupti modi sit ut offic','Constantinside','Romania'),(85,'f','1985-01-16',85,'Ut est qui eum. Deserunt quis ','New Chad','Qatar'),(86,'m','2011-04-06',86,'Quidem quaerat ad non dolorem ','West Jaycee','Taiwan'),(87,'f','2013-04-09',87,'Quis et sint sint incidunt ill','Bogisichfurt','Madagascar'),(88,'m','1999-03-03',88,'Hic voluptate culpa occaecati ','Howeshire','Angola'),(89,'m','2017-03-17',89,'Et deserunt culpa ea eos culpa','Wymanbury','Bulgaria'),(90,'f','2018-04-05',90,'Distinctio facere ex saepe ut.','Flatleybury','Tokelau'),(91,'f','2012-06-24',91,'Atque in qui sequi neque amet ','New Generalside','Costa Rica'),(92,'m','2011-05-24',92,'Earum sapiente magnam sint et ','Sammyhaven','South Georgia and the South Sandwich Islands'),(93,'x','1982-08-10',93,'Tempora consequatur dolor expe','New Miltonshire','Japan'),(94,'f','2006-06-06',94,'Perspiciatis nam est et qui ve','Port Paula','Greenland'),(95,'x','1981-06-09',95,'Numquam ut velit placeat eaque','Port Gladys','Turkmenistan'),(96,'m','1984-03-05',96,'Quo ipsum facere eaque culpa s','Amelietown','Cote d\'Ivoire'),(97,'m','2011-04-28',97,'Dolor qui sapiente similique q','Dayneshire','Uruguay'),(98,'f','1983-01-30',98,'Est ut et modi non fugiat. Rem','Brittanyview','Vietnam'),(99,'m','2019-07-13',99,'Non sit sed aliquid neque dolo','Hammesmouth','Belarus'),(100,'m','2008-05-12',100,'Voluptatem tenetur molestiae q','Adamschester','Guyana');
/*!40000 ALTER TABLE `profiles` ENABLE KEYS */;
UNLOCK TABLES;

--
-- Table structure for table `users`
--

DROP TABLE IF EXISTS `users`;
/*!40101 SET @saved_cs_client     = @@character_set_client */;
/*!50503 SET character_set_client = utf8mb4 */;
CREATE TABLE `users` (
  `id` bigint unsigned NOT NULL AUTO_INCREMENT,
  `first_name` varchar(145) CHARACTER SET utf8mb4 COLLATE utf8mb4_unicode_ci NOT NULL,
  `last_name` varchar(145) CHARACTER SET utf8mb4 COLLATE utf8mb4_unicode_ci NOT NULL,
  `email` varchar(145) CHARACTER SET utf8mb4 COLLATE utf8mb4_unicode_ci NOT NULL,
  `phone` char(11) CHARACTER SET utf8mb4 COLLATE utf8mb4_unicode_ci NOT NULL,
  `password_hash` char(65) CHARACTER SET utf8mb4 COLLATE utf8mb4_unicode_ci DEFAULT NULL,
  `created_at` datetime NOT NULL DEFAULT CURRENT_TIMESTAMP,
  PRIMARY KEY (`id`),
  UNIQUE KEY `email_idx` (`email`),
  UNIQUE KEY `phone_idx` (`phone`)
) ENGINE=InnoDB AUTO_INCREMENT=101 DEFAULT CHARSET=utf8mb4 COLLATE=utf8mb4_unicode_ci;
/*!40101 SET character_set_client = @saved_cs_client */;

--
-- Dumping data for table `users`
--

LOCK TABLES `users` WRITE;
/*!40000 ALTER TABLE `users` DISABLE KEYS */;
INSERT INTO `users` VALUES (1,'Retta','Batz','jackson91@example.net','89399576574','0a76bb00ef0a298e4ae600ce7fcb31cf9df3db71','2007-07-20 13:05:15'),(2,'Unique','Ebert','qwalter@example.com','89383357555','9983e2f08c5152c42e3dca4e1251ad8306c47b2c','2004-11-13 06:41:04'),(3,'Hosea','Schmeler','qdubuque@example.com','89999612423','fa397f291face06ba6a611b9d95a1a0c902cd51b','2010-08-02 05:48:51'),(4,'Nathanael','Heathcote','eleanore.wyman@example.org','89853848078','2682a2bb159f05d418db9bec830da8cadf283215','2004-05-24 11:12:39'),(5,'Ted','Gibson','marcelo.johnston@example.net','89052486272','c5de1625d94c667419a5acb38a834221a7abcc1c','2014-10-10 00:48:42'),(6,'Jaclyn','Bergstrom','barrows.euna@example.net','89133148896','eb79ae2076a3456373291d21965b8c54df448530','1997-11-20 18:43:38'),(7,'Hugh','Legros','aidan.langworth@example.com','89871907646','622d954479016f7059158fd6ee201fc21810cb70','2015-12-29 01:38:16'),(8,'Judge','Hartmann','jolie26@example.net','89028490360','2bdcb2666db137a7050e3e9866772cc785da5a93','2015-06-07 00:41:01'),(9,'Amir','Hickle','bahringer.helga@example.org','89672718776','e7495363ed44cec54bdd378c157b2ee52646552a','2001-03-10 16:50:30'),(10,'Johnathan','Rau','desiree55@example.net','89767680700','e6c45093a13ffeedffd65a77520dc32ed0150179','2011-03-04 04:02:06'),(11,'Ora','Schoen','spencer.augusta@example.net','89986735206','f37465196f77741156f27484ec92c2bfc55af07c','2012-10-11 10:58:43'),(12,'Desiree','Kihn','emmett57@example.com','89329450075','66dc221f9508cb6c8747a5fc7496e0f79c5a0a87','2015-04-23 13:16:18'),(13,'Emerson','Hermiston','archibald.ritchie@example.org','89352860348','3538b3be5acf3a4958d57e0455dd4dd1eb95ab2f','2008-11-25 23:54:26'),(14,'Allie','Kiehn','cartwright.tyree@example.org','89355802849','287f42346d0527d3c5d42335523b2a4f4e647146','2009-12-21 20:18:13'),(15,'Lavada','Sporer','gstroman@example.net','89227494409','c8b64de5fdbb2214c1722d71c79b072d305eb99b','2020-09-09 03:38:12'),(16,'Deshawn','Dickinson','shanahan.anahi@example.org','89514590838','432d6e0fa770d74f3ad210439ebd16927d6866f6','2003-03-30 14:04:46'),(17,'Maximo','Kiehn','koepp.jovany@example.net','89555072412','482b54671796c199c8b784bc6932b9e4bcdf500b','2019-01-19 13:18:58'),(18,'Percy','Luettgen','reichert.gideon@example.com','89179775522','c140d799befb82f93b61276bb69f8df76a326ecf','2015-02-22 16:20:36'),(19,'Shawna','Torphy','kasey59@example.com','89855925855','ffe7e2346ed8b21607a8d2eb5e80c9e278e916bf','1999-03-02 08:50:50'),(20,'Virginia','Medhurst','dquitzon@example.com','89475917304','d43db4ac4eea4418a4004823acf4f186df3de50e','2018-12-03 03:51:32'),(21,'Jaeden','Upton','warren64@example.org','89174521669','9ef07c6d6b37468d2b4a1129ffd75f2e5a43b0eb','1999-09-02 21:20:39'),(22,'Hiram','Bartoletti','bill.conroy@example.net','89847115043','1b9fc9f2620b3f3f31f877986218ace0bde36602','2018-03-30 03:56:50'),(23,'Ward','Kemmer','xwhite@example.com','89304595446','e533e9025f8b25210bb26296a80b4ac2652e0894','2017-01-29 20:34:12'),(24,'Gladyce','Pollich','nichole.marks@example.com','89227556326','8475b8eccc020372aa00a163156e3c0166992d0e','2015-06-19 17:01:33'),(25,'Mauricio','Okuneva','royal84@example.org','89535195813','c459797b8a66dcabcbaa816d9790911511432f2d','2015-05-07 22:01:32'),(26,'Neoma','Howell','tamia.howe@example.net','89740712989','b4d27e443bb588223d0cfbc414d925932879816a','2018-02-15 00:24:47'),(27,'Jordane','Zulauf','maryjane.davis@example.org','89769934037','9b1266eb846b92bc8a5ca6cb08d209aa51874024','2014-07-11 09:08:26'),(28,'Leonor','Walker','oral.mccullough@example.com','89822391078','fbf3908b3fd933de695b11aba20c324e8b15740b','2017-11-11 12:25:53'),(29,'Ernie','Fay','morar.ofelia@example.net','89245270570','6e008025f8682d3ce7ec139e32c70446306c2879','2007-11-10 22:16:00'),(30,'Buster','Conn','ispencer@example.com','89875686540','a9a43ac41ac939fef0190404b409f88a9a51f0c3','2005-03-19 10:59:20'),(31,'Hoyt','Harvey','janessa.walsh@example.org','89534691576','83b8dea9f049ff4b6f1afadea4c4838703bee321','2004-05-25 19:48:24'),(32,'Ernest','Dicki','vtoy@example.org','89835479156','fb1e3cb8df2ec88773530c3cca922f9c3ecafd3c','2018-07-29 11:05:08'),(33,'Miracle','Marks','zkrajcik@example.org','89863647177','fb935d5a0b3549db335a8010ebc099f4ba30242f','2008-04-16 04:54:30'),(34,'Jensen','Windler','yfay@example.com','89434064524','394d5e0cf8e052ee4b0fac99fd50c003e7c2ae1e','1995-11-14 06:52:07'),(35,'Madonna','Balistreri','xbrown@example.com','89492650731','a6c4559de3d100573f2298cf591113b02c82fb86','2019-12-06 17:41:16'),(36,'Xzavier','Morar','runolfsdottir.queenie@example.com','89268406025','5d7261c4141349a7c237bcb2ad285d0d9f50a9d1','2007-05-15 02:17:31'),(37,'Kendall','Johnson','robbie.grady@example.org','89841495501','259ce98a6ea41bdd68666e99cbae631742738f38','2004-04-24 19:40:31'),(38,'Elena','Jacobs','queen.spinka@example.com','89630007099','be0798622a905e8e4830c1f7d32258067dc35867','2012-10-15 10:04:54'),(39,'Lew','Abbott','marianne.adams@example.net','89980578208','890ed65df2680f33c73aa7445b9423a33709ab50','2018-04-30 23:24:37'),(40,'Icie','Cartwright','gerhold.veda@example.com','89120866593','1164e2c496d9d76c6290f926ed6b724ecf14be52','2017-05-09 20:37:57'),(41,'Zander','Bode','olson.rolando@example.net','89236292982','56473165d04d2eb35730683cba00f990bc8f504e','2014-01-20 12:37:06'),(42,'Nelson','Lubowitz','carolina14@example.net','89297824813','c1a793e6eec97611cbbae42cb00b14688dafcae6','2017-11-21 19:11:44'),(43,'Oleta','Cole','eo\'hara@example.com','89851654088','915f9faa6b098ba9d5b0246ee917253878a4be19','2019-04-17 05:55:59'),(44,'Aisha','Greenfelder','dovie.sawayn@example.net','89180353180','e8882e461bd6dfdbbba268fb0a530a4418855981','1994-06-16 07:12:01'),(45,'Camilla','Wilderman','angela97@example.com','89707448480','80d46ab712d2481e86b68a41fd7441112f4eb9e3','1991-08-23 23:31:20'),(46,'Breanna','Nicolas','thiel.idella@example.net','89303667449','a90318fb76dc357c40d6904dcb938426d0da177a','2007-04-06 04:30:37'),(47,'Rolando','Donnelly','francisco.jakubowski@example.net','89389006931','9cdf7743dcb01b83c5f05aa7688309c48744d0ea','2007-07-02 23:21:56'),(48,'Zelma','Lehner','bergnaum.myah@example.com','89820804938','8a6219ae80384295e899f33a65f77eb4f820f8a2','2001-01-18 07:01:41'),(49,'Lelia','Skiles','pkerluke@example.org','89798719880','62254e3d7c4c9ce78e8c4b5dfc233eb3ee7e4cbc','2009-04-15 09:22:16'),(50,'Eliezer','Anderson','kling.kyleigh@example.net','89992433080','640a161c82ce098520abd9106e3183c31c182d35','2020-06-18 13:03:14'),(51,'Eliseo','Heathcote','wkemmer@example.net','89939083652','49820a9ea7cd051511dc553e73d7364d450dd9f1','2020-03-14 13:25:16'),(52,'Roxanne','Huels','jace.muller@example.org','89931449374','62eb5ac27560cae835d57b1214406b8a641b3052','2020-04-16 17:40:46'),(53,'Jean','Waelchi','schmidt.alexandro@example.org','89362862379','f3091632f3e1856327fe3826d985fbdac0970fcf','2007-04-01 07:56:19'),(54,'Rosamond','Casper','csipes@example.com','89364469008','a12e5d24603caaff2ac833d289e8419e54926fb7','2002-01-26 10:55:26'),(55,'Susie','Reinger','oblanda@example.com','89292325456','57d47c42efbad7f72884cc6e170abf7e3c9adc99','1993-09-27 21:26:00'),(56,'Rick','Cassin','napoleon.christiansen@example.com','89034607611','1134104ff19bec2b28b1abd9437f374c94abb731','1997-09-28 09:28:50'),(57,'Merritt','Mante','eloy41@example.org','89151257447','fb326716a25f760a95ebcdb8c4216806d5bbc729','2016-08-06 16:40:08'),(58,'Drake','Kris','grant.rachael@example.net','89445775636','8f0a17c7c0cb145fed6d49d9e80ad5e45b478cdc','1994-04-12 05:15:29'),(59,'Vena','Tromp','lkreiger@example.net','89658733768','35ab55da767c0b81e9816d7db4c453e568756da4','1994-03-19 23:56:05'),(60,'Rex','Spinka','clark.koelpin@example.net','89781849734','5a711214a5719494a9eb0a34e4bd771922fe5631','1999-08-16 01:50:11'),(61,'Tamara','Schneider','dayton81@example.org','89788538469','82aeb04fa8ea2162ca1e64c2c07a7039d69db310','2006-12-13 14:11:30'),(62,'Fidel','Schulist','nlittle@example.org','89389197339','3333f354a4ff940f9ba2640e45b9100cc9e3e761','2006-07-30 04:28:16'),(63,'Kolby','Dibbert','kgreenfelder@example.net','89778566730','0046f032669a0b2947f7245de2bc5fd0884767ef','2005-08-03 05:29:56'),(64,'Helga','Strosin','bergstrom.nathaniel@example.com','89457807293','d4b4b04e8e6f52d010790924c7bfdfd8008874d4','1998-04-02 01:47:39'),(65,'Lennie','Turcotte','harmony73@example.net','89434556306','bbc55319b374501c765329ddb148e6ae8dc9c9d8','1995-10-12 00:55:49'),(66,'Sierra','Smitham','tate.jaskolski@example.org','89753805885','a93cd5302c0ddc7d15171690b8c49a6eb86dbe56','2001-05-15 14:09:06'),(67,'Rahsaan','McGlynn','koelpin.abelardo@example.com','89768606923','f420980bf10a8dd1eceb3fe19ae5fb1a037ce6d0','1997-08-22 03:59:47'),(68,'Ariel','Walker','mya.collins@example.com','89281134077','76d33f4fa440c4e3e4a268267e5bc034bccd7e1e','2015-10-31 03:02:59'),(69,'Syble','Toy','hfritsch@example.org','89326303189','56abe508c7b54e02fa72f66251e107db62e9471e','2007-10-29 19:40:02'),(70,'Birdie','Rempel','brittany.mills@example.net','89085147014','1dd84f06355ad59f14457b4ad39573dff587ddfb','1995-08-20 08:41:06'),(71,'Reyes','Mills','shawn.vonrueden@example.com','89231813986','39ad52d408f55df2c71a2344551eac27c7da4052','1999-07-16 06:11:45'),(72,'Delpha','Cartwright','edison12@example.com','89435434555','53ee16145a0e74b178fc5b7c1e91f88f68add259','2000-06-08 14:51:00'),(73,'Brionna','Trantow','meredith03@example.net','89957031948','3c7f70a350e2d89fc97508687359346e756d69d9','2013-07-07 22:01:26'),(74,'Alexander','Feil','chadrick14@example.org','89829751860','d6cfa29968d9ba78b04907204b5109e6fd6503bb','2016-09-12 01:11:08'),(75,'Waino','Ledner','emily.ritchie@example.com','89543702260','1747b06d90181e033b6de24182322f9850c4a2fe','2004-07-03 00:01:32'),(76,'Sanford','Marquardt','domingo.nader@example.org','89641165693','e682481ba3492db3c4bb98619a28c60d3362149f','2013-09-07 19:30:48'),(77,'Francisco','Tremblay','tkuhn@example.org','89020760859','b6a625e6496dc1cb04b76105254205f9bc27c290','1992-08-25 15:09:18'),(78,'Fausto','Donnelly','trantow.kian@example.com','89064763426','4d1fe5c2928daf5ab5ffc5556f0eef0817d90202','2002-10-31 15:52:12'),(79,'Leda','Goodwin','nakia20@example.net','89674109269','aca03d6f4d4f17b950122e3bf9f8414bc4f35cc6','2000-04-04 17:39:34'),(80,'Estefania','Pouros','aiden.gislason@example.com','89111831307','143653b37ca5c91b94eb7322b603d0dfab425d69','2000-07-12 00:10:18'),(81,'Jodie','Brakus','stoltenberg.brown@example.com','89679511623','edaadf350f7a73680e0dda4ced7c3d34899be37d','2002-09-22 05:34:50'),(82,'Cathrine','McClure','gspencer@example.net','89916638631','eac34fb086deeff4a148f1dccc04f1614d392185','1994-01-08 18:59:42'),(83,'Naomie','Strosin','kevin.swaniawski@example.net','89266606410','0ff772f54ca4f8b43a2083fd999033b6cde36bb2','1994-03-16 23:24:34'),(84,'Laney','Hane','sylvester.bins@example.net','89517945509','32c9b584169626a38e345fc8173c869274c6efd1','2001-07-10 07:38:44'),(85,'Sibyl','Kessler','mazie.jones@example.com','89586540092','f883ec3680286355c33a06f932917ff88738911a','1996-11-10 07:28:43'),(86,'Taya','Ankunding','lang.zaria@example.org','89203217311','55d89fd856b852f713469fcb0a17c538d9a95392','2020-12-02 10:17:03'),(87,'Damien','Lockman','llehner@example.com','89942129003','eeb7e863f7834fdee81a91cfc32bde8fb2a45740','2018-05-28 13:30:16'),(88,'Kelvin','Hand','rtoy@example.com','89190684658','b8a96c69f737eb9a99046492f46e564e05087944','2001-10-23 13:48:08'),(89,'Mina','Gorczany','qbailey@example.org','89368785307','7e1bb6440838dacb00bcaf080d32b9c8f43062a3','1998-12-25 21:31:54'),(90,'Ashlee','Zulauf','eleannon@example.com','89611516181','24c280f9148d0675fbf7e640e78086e694957bb1','2004-03-27 21:18:12'),(91,'Ernesto','Dare','elton.kilback@example.com','89042227893','0dfdf227791ce6184e2a7ba79cc07a57f5f4a4db','2014-07-04 23:04:44'),(92,'Lorena','O\'Keefe','balistreri.elouise@example.net','89741455077','3ef43142cc9e57c7648b833316caafaea472a342','2019-04-01 23:30:22'),(93,'Lucio','Bode','harrison.conroy@example.org','89823881433','f452e304538b225afebd67f417d916db7a7683e9','2010-03-11 08:03:38'),(94,'Bryana','Kris','keeley04@example.org','89773263624','9d3f5998a506a8b19e4b34457873883bbe51f77e','2006-10-18 09:36:07'),(95,'Laurine','Bashirian','javier16@example.net','89275568043','82675f955939572702e2602e6b2d17e8820ac2ff','1995-05-11 13:42:28'),(96,'Jillian','Simonis','ujacobs@example.com','89264391217','b63096960d83b315cf9f100b2d95cc05fbab9d25','2013-05-13 19:02:48'),(97,'Greg','Rath','anderson.lou@example.com','89289721033','f2ea372ce67e23a9de9e76d842ec7725969393b5','1998-11-14 03:53:05'),(98,'Ludie','Auer','mario.kunde@example.net','89635148012','0e5b4118db03f38aeb319e6c4cef0f6d7ecfd0b3','2007-09-26 23:43:57'),(99,'Johnny','Marvin','flatley.lula@example.org','89102672301','3b45ac1034b4c2adda6d66eb45653ea23c1f066e','2005-06-17 17:59:51'),(100,'Susanna','Rowe','cortney56@example.org','89342536786','f0bdbef3deb8277854675deff985261ee485f9f7','2016-12-16 16:32:01');
/*!40000 ALTER TABLE `users` ENABLE KEYS */;
UNLOCK TABLES;
/*!40103 SET TIME_ZONE=@OLD_TIME_ZONE */;

/*!40101 SET SQL_MODE=@OLD_SQL_MODE */;
/*!40014 SET FOREIGN_KEY_CHECKS=@OLD_FOREIGN_KEY_CHECKS */;
/*!40014 SET UNIQUE_CHECKS=@OLD_UNIQUE_CHECKS */;
/*!40101 SET CHARACTER_SET_CLIENT=@OLD_CHARACTER_SET_CLIENT */;
/*!40101 SET CHARACTER_SET_RESULTS=@OLD_CHARACTER_SET_RESULTS */;
/*!40101 SET COLLATION_CONNECTION=@OLD_COLLATION_CONNECTION */;
/*!40111 SET SQL_NOTES=@OLD_SQL_NOTES */;

-- Dump completed on 2021-04-05 11:29:19

--      ( name  media_types)
--!!!       !!!
USE vk;

SELECT *
FROM media_types;

UPDATE media_types 
SET 
	name = 'music'
WHERE id = 1;

UPDATE media_types 
SET 
name = 'document'
WHERE id = 2;

UPDATE media_types 
SET 
name = 'image'
WHERE id = 3;

UPDATE media_types 
SET 
name = 'photo'
WHERE id = 4;

SELECT *
FROM media_types;



